name	all_genes
Rare gynecologic or obstetric disease	FSHR;PTPRF;KCTD1;TBX3;TP63;ACTB;MNX1;HOXA13;WT1;WNT4;AR;HSD17B3;CYB5A;CYP17A1;CYP11A1;STAR;HSD3B2;POR;SRD5A2;BDNF;PAX6;DHH;HHAT;SOX9;ATRX;ERAL1;HSD17B4;TWNK;HARS2;CLPP;LARS2;RSPO1;CYP19A1;CYP21A2;NR3C1;CYP11B1;NR5A1;MRPS22;BMP15;PSMC3IP;NUP107;SPIDR;SRY;NR0B1;DMRT1;CBX2;MAP3K1;DMRT3;WWOX;ZFPM2;GATA4;VAMP7;MCM9;H6PD;HSD11B1;ESR1;HTR1A;AIRE;ATM;FOXL2;FMR1;NSMCE2;XRCC4;GALT;GNAS;KISS1R;MKRN3;DLK1;SEMA3E;CHD7;HBB;PNPLA6;SNRPN;SNORD115@;MAGEL2;NDN;SNORD116@;SIM1;RNF216;RAB3GAP1;RAB3GAP2;RBM28;SMCHD1;DCAF17;BBS1;BBS10;BBS2;BBS4;BBS5;BBS7;BBS9;CEP290;TRIM32;TTC8;ARL6;MKKS;MKS1;NPHP1;BBS12;SDCCAG8;WDPCP;LZTFL1;IFT172;BBIP1;IFT27;C8ORF37;DMXL2;POLR3B;POLR1C;POLR3A;OCA2;LEPR;LEP;PCSK1;SOX3;PROP1;POU1F1;HESX1;OTX2;LHX4;GLI2;CCDC141;PROK2;PROKR2;SOX10;FGFR1;ANOS1;NSMF;FGF8;WDR11;HS6ST1;SEMA3A;IL17RD;FGF17;DUSP6;SPRY4;FLRT3;FEZF1;DCC;TACR3;GNRHR;GNRH1;TAC3;KISS1;FSHB;YWHAE;JAZF1;SUZ12;NUTM2A;NUTM2B;PTEN;RAD51;BRCA1;BRCA2;BRIP1;CHEK2;TP53;MRE11;NBN;PALB2;BARD1;RAD51C;RAD50;RAD51D;XRCC2;KLLN;RAD54L;PPM1D;SLC22A18;INHBA;SMARCA4;DICER1;NLRP7;KHDC3L;CD46;CFH;CFI;HELLPAR;HADHA;FLT1;STOX1;CORIN;NR1H4;ABCB11;ABCB4;ATP8B1;NR3C2;TSHR
Rare endocrine disease	CYP24A1;SLC34A1;FGF23;GALNT3;KL;SAMD9;CASR;GNA11;AP2S1;MEN1;CDKN1B;CDKN1A;CDKN2B;CDKN2C;CDC73;GCM2;PTH;AIRE;MT-ATP8;RRM2B;MT-TL1;TBX1;ARVCF;GP1BB;UFD1;COMT;HIRA;JMJD1C;RREB1;SEC24C;TBCE;GATA3;HADHA;FAM111A;GNAS;STX16;SLC34A3;DMP1;ENPP1;PHEX;CLCN5;OCRL;CYP27B1;CYP2R1;VDR;INSR;SLC16A1;HNF4A;KCNJ11;ABCC8;UCP2;HNF1A;HADH;GLUD1;GCK;DMPK;RRAS;PTPN11;BRAF;SOS1;KRAS;RAF1;NRAS;KAT6B;RIT1;LZTR1;A2ML1;RASA2;SOS2;CNBP;ABCD1;LMNA;DCAF17;BRCC3;GPR101;PRLR;AVP;BTNL2;HLA-DRB1;SLC11A1;HBB;HBA2;HBA1;TBXT;CTNNB1;CDH23;AIP;USP8;TBX19;GH1;GHRHR;POU1F1;RNPC3;GHSR;FSHB;TSHB;WDR11;ROBO1;PROKR2;HESX1;LHX4;CDON;GPR161;SOX3;PROP1;OTX2;GLI2;RBM28;GLI3;UBR1;SOX2;FGFR1;ARNT2;PTCH1;SHH;SIX3;TGIF1;ZIC2;TDGF1;FOXH1;FGF8;DISP1;NODAL;DLL1;GAS1;PITX2;FOXC1;LHX3;NFKB2;SEMA3E;CHD7;PNPLA6;SNRPN;SNORD115@;MAGEL2;NDN;SNORD116@;SIM1;RNF216;RAB3GAP1;RAB3GAP2;SMCHD1;BBS1;BBS10;BBS2;BBS4;BBS5;BBS7;BBS9;CEP290;TRIM32;TTC8;ARL6;MKKS;MKS1;NPHP1;BBS12;SDCCAG8;WDPCP;LZTFL1;IFT172;BBIP1;IFT27;C8ORF37;DMXL2;POLR3B;POLR1C;POLR3A;OCA2;LEPR;LEP;PCSK1;NR0B1;CCDC141;PROK2;SOX10;ANOS1;KISS1R;NSMF;HS6ST1;SEMA3A;IL17RD;FGF17;DUSP6;SPRY4;FLRT3;FEZF1;DCC;TACR3;GNRHR;GNRH1;TAC3;KISS1;SDHD;ATRX;DAXX;NR5A1;MRPS22;FSHR;BMP15;PSMC3IP;NUP107;SPIDR;SOX9;SRY;MCM9;WNT4;ERAL1;HSD17B4;TWNK;HARS2;CLPP;LARS2;RSPO1;CYP19A1;CYP21A2;NR3C1;HSD3B2;CYP11B1;POR;WT1;DHH;DMRT1;CBX2;MAP3K1;DMRT3;WWOX;ZFPM2;GATA4;VAMP7;BDNF;PAX6;TSPYL1;HHAT;ARX;MAMLD1;MTM1;AMH;AMHR2;AR;LHB;LHCGR;AKR1C2;AKR1C4;HSD17B3;CYB5A;CYP17A1;CYP11A1;STAR;DHCR7;SRD5A2;FMR1;RPS6KA3;DEAF1;RAI1;FLII;IQSEC2;VPS13B;ALMS1;PHF6;MEG3;DLK1;RTL1;SH2B1;HDAC8;LAS1L;CREBBP;EP300;TRAPPC9;PCNT;PRMT7;AFF4;MEGF8;RAB23;INPP5E;KIDINS220;EIF2S3;CEP19;POMC;MC4R;IARS2;DUOX2;THRB;THRA;TRH;IGSF1;TRHR;FOXE1;NKX2-1;SLC26A4;TSHR;NKX2-5;PAX8;SLC5A5;TPO;DUOXA2;TG;IYD;SECISBP2;SLC16A2;KCNJ10;FOXI1;PTRH2;MKRN3;ATM;FOXL2;NSMCE2;XRCC4;GALT;IGFALS;GHR;STAT5B;IGF1;IGF1R;CAVIN1;PPARG;BSCL2;AGPAT2;CAV1;FOS;PSMB8;BANF1;PIK3R1;POLD1;KCNJ6;ZMPSTE24;PLIN1;LIPE;CIDEC;AKT2;LMNB2;PRKAR1A;PDE4D;STAT1;LRBA;FOXP3;VHL;SDHB;SDHC;RET;ESR2;NTRK1;SERPINA6;HSD11B2;ARMC5;PDE11A;PDE8B;PRKACA;TP53;CDKN2A;MDM2;CHEK2;CYP11B2;KCNJ5;CACNA1D;H6PD;HSD11B1;EPAS1;KIF1B;MDH2;SDHA;FH;SDHAF2;TMEM127;MAX;PEX2;PEX1;PEX10;PEX12;PEX13;PEX14;PEX16;PEX19;PEX26;PEX3;PEX5;PEX6;PEX11B;TRAPPC11;AAAS;GMPPA;MC2R;MRAP;TXNRD2;NNT;SGPL1;CDKN1C;KEAP1;DICER1;EIF1AX;CCDC6;TFG;TPR;TRIM24;TRIM27;TRIM33;ERC1;GOLGA5;HRAS;PCM1;ETV6;ALK;NTRK3;NCOA4;DIRC3;NDUFA13;GAS8-AS1;LPAR4;MINPP1;HABP2;PTF1A;STAT3;PDX1;INS;HYMAI;PLAGL1;ZFP57;PRSS1;CFTR;SPINK1;PRSS2;CTRC;CPA1;EIF2AK3;GATA6;MT-TE;IER3IP1;MT-TK;DNAJC3;SLC19A2;PPP1R15B;TRMT10A;CEL;KLF11;NEUROD1;PAX4;BLK;APPL1;HNF1B;SLC29A3;WFS1;CISD2;APOE;LIPC;APOC3;CETP;LPL;APOC2;GPIHBP1;LMF1;APOA5;CREB3L3;CYP7A1;TMEM199;CCDC115;ABCG5;ABCG8;APOB;LDLR;LDLRAP1;PCSK9;APOA1;ABCA1;LCAT;MTTP;SAR1B;CYP27A1;LIPA
Rare ophthalmic disorder	MT-TQ;MT-CO1;MT-CO2;MT-CO3;MT-ND1;MT-ND4;MT-ND5;MT-ND6;MT-TL1;MT-TW;MT-TH;MT-TS1;MT-TS2;MT-TF;CIT;NCAPD3;COPB2;KIF14;TAF13;PYCR2;CDK5RAP2;CENPJ;ASPM;MCPH1;STIL;WDR62;CEP152;CEP63;CEP135;KNL1;PHC1;CDK6;SASS6;MFSD2A;ANKLE2;GFAP;SPATA5;DOCK7;EMC1;DIAPH1;TELO2;GNB1;GBA;LAMA1;PNKP;SLC30A9;FXN;ATM;COL25A1;CHN1;MAFB;APTX;PLP1;SETX;PIK3R5;GLB1;LMNB1;ATXN1;ATXN2;CEP290;CC2D2A;TMEM216;TMEM237;TMEM138;ZNF423;TMEM231;CEP120;PIBF1;TCTN2;AHI1;TMEM67;MKS1;ARL13B;INPP5E;TCTN1;B9D1;CEP41;CPLANE1;CSPP1;KIAA0586;CEP104;KIAA0556;ARMC9;HYLS1;ARL3;RPGRIP1L;OFD1;KIF7;TCTN3;PDE6D;KIAA0753;NPHP1;ATP7B;NPC1;NPC2;MAPT;ATP13A2;ATXN7;NDUFA13;SDHA;SLC19A3;SURF1;COX15;NDUFAF2;NDUFS1;NDUFS2;NDUFS3;NDUFS4;NDUFS7;NDUFS8;NDUFV1;NDUFV2;PDHA1;NDUFAF5;NDUFAF6;TACO1;FOXRED1;NDUFA2;NDUFA10;NDUFA9;MTFMT;LIPT1;PET100;NDUFA4;ECHS1;NDUFA12;COQ2;PDSS2;NDUFAF3;NDUFB8;SCO2;LRPPRC;SLC38A8;PAX6;MMP19;FZD5;SALL2;ABCB6;CLCN7;TCIRG1;TNFSF11;SNX10;PAX2;SRD5A3;SIX6;IGBP1;MT-ATP6;MT-CYB;MT-ND2;MT-ND4L;MT-ND3;ACO2;RTN4IP1;MT-TP;MT-TK;MT-RNR1;WFS1;CISD2;ANTXR1;KIF1A;ZNHIT3;PROKR2;SOX2;FGFR1;HESX1;OTX2;SOX3;ARNT2;PSAP;GALC;ATP1A3;TMEM126A;FA2H;UCHL1;C19ORF12;ARSA;ISCA2;NR2F1;NBAS;POLR3A;MECR;HIKESHI;TBCD;ATAD3A;FLNA;C19ORF70;OPA3;TIMM8A;PLAA;ZNF592;WDR73;PCLO;OPA2;SPG7;PRPS1;C12ORF65;FLRT1;KLC2;IBA57;TFG;OPA1;DNM1L;TUBA8;MT-ATP8;RRM2B;DMPK;HTT;SLC2A3;PABPN1;RNASEH1;MYH2;ALG2;DPAGT1;GFPT1;ALG14;GMPPB;MGME1;TNFRSF11A;CTLA4;HLA-DQA1;POLG;TYMP;DMD;LTBP4;CHAT;AGRN;SLC25A1;SNAP25;SYT2;MYO9A;SLC5A7;VAMP1;SLC18A3;COL13A1;RAPSN;SCN4A;CHRNA1;CHRNB1;CHRND;CHRNE;DOK7;MUSK;LRP4;AK9;COLQ;LAMB2;TK2;POLG2;SLC25A4;TWNK;MT-TL2;MT-TN;MCOLN1;FMR1;TCOF1;POLR1D;POLR1C;PEX2;PEX1;PEX10;PEX12;PEX13;PEX14;PEX16;PEX19;PEX26;PEX3;PEX5;PEX6;PEX11B;AGK;ROBO3;PLXND1;REV3L;NDP;AP1S2;SIL1;INPP5K;SALL4;SLC25A24;RMRP;PIGL;ALX4;ADAT3;CCDC174;LARGE1;POMGNT1;POMT1;POMT2;FKTN;FKRP;B3GALNT2;EMX2;SIX3;SHH;COL4A1;PTCH1;MFRP;TMEM98;PRSS56;MYO5A;PHOX2A;KIF21A;TUBB3;TUBB2B;SYT1;SLC45A2;TYR;NAGA;SLC9A6;SLC35C1;FERMT3;ITGB2;PHOX2B;RET;ASCL1;FGFR3;FGFR2;TWIST1;ERF;FREM1;ZIC1;TCF12;RS1;LTBP2;VSX1;ZEB1;COL8A2;OVOL2;GRHL2;TRIM44;FOXC1;CYP1B1;PITX2;FOXE3;VHL;OCRL;CBS;BDNF;WT1;LMX1B;COL11A1;GNAQ;B3GLCT;TRIP13;BUB1B;CEP57;BUB1;BUB3;CANT1;XYLT1;COL9A1;COL9A2;COL9A3;BCOR;HCCS;COX7B;NDUFB11;RNU4ATAC;ADAMTS10;FBN1;PIK3R1;CREBBP;EP300;COL2A1;GNA11;GUSB;ARSB;IDS;GALNS;HYAL1;SGSH;NAGLU;HGSNAT;GNS;IDUA;MYOC;TEK;SLC24A5;LRMDA;TYRP1;OCA2;MC1R;GPR143;MITF;LYST;AP3B1;DTNBP1;BLOC1S3;HPS3;HPS5;HPS6;HPS1;HPS4;BLOC1S6;MLPH;RAB27A;ACTG1;CHM;CRB1;TIMP3;GUCA1A;PRPH2;GUCY2D;CYP4V2;TEAD1;PNPLA6;PLK4;TUBGCP6;TUBGCP4;KIF11;ADAMTS18;RGS9BP;RGS9;ASAH1;CTSA;ALDH3A2;ALMS1;CDH3;COL18A1;CNNM4;ATIC;KCTD7;TINF2;PANK2;ABCC6;ENPP1;MFSD8;CLN6;CLN5;CTSD;PPT1;CLN8;TPP1;CLN3;DNAJC5;GRN;CTSF;RBP4;HEXA;HEXB;MT-TE;MAPKAPK3;ITM2B;SMPD1;SCARB2;CP;KCNJ13;APC;PCYT1A;AGXT;NEU1;CLDN19;CWC27;TTPA;MTTP;PHYH;PEX7;VPS13B;ABHD12;ERCC2;ERCC6;ERCC5;ERCC1;IFT140;IFT172;IFT122;WDR35;IFT43;WDR19;IFT52;RPGR;BEST1;INVS;IQCB1;NPHP3;NPHP4;SDCCAG8;CEP164;TRAF3IP1;BBS1;BBS10;BBS2;BBS4;BBS5;BBS7;BBS9;TRIM32;TTC8;ARL6;MKKS;BBS12;WDPCP;LZTFL1;BBIP1;IFT27;C8ORF37;HADHA;ERCC4;ERCC3;CEP78;CLRN1;HARS;USH2A;ADGRV1;MYO7A;WHRN;PDZD7;USH1K;CDH23;USH1C;USH1G;PCDH15;USH1E;USH1H;CIB2;RDH11;GGCX;EXOSC2;ERCC8;MMACHC;CACNA1F;SCAPER;IFT88;REEP6;ARHGEF18;AGBL5;ABCA4;PRCD;PRPF3;PRPF31;PRPF8;RDH12;RGR;RHO;RLBP1;ROM1;RP1;RP2;RP9;RPE65;SAG;CA4;CERKL;TULP1;CNGA1;CRX;FSCN2;IMPDH1;MERTK;NR2E3;NRL;PDE6A;PDE6B;SEMA4A;CNGB1;TOPORS;PROM1;LRAT;EYS;IDH3B;SPATA7;GUCA1B;KLHL7;SNRNP200;PCARE;PDE6G;IMPG2;FAM161A;ZNF513;CDHR1;DHDDS;PRPF6;MAK;RBP3;ZNF408;ARL2BP;NEK2;TUB;KIZ;SLC7A14;PRPF4;AHR;PITPNM3;OPN1MW;NMNAT1;RIMS1;RPGRIP1;CNGA3;AIPL1;OPN1LW;RAX2;CACNA2D4;ADAM9;UNC119;RAB28;POC1B;DRAM2;TTLL5;ATF6;PDE6C;GNAT2;CNGB3;GDF6;RD3;LCA5;KCNV2;MIR204;C1QTNF5;ELOVL4;RP1L1;DHS6S1;CTNNA1;RCBTB1;IMPG1;CABP4;GNAT1;GRM6;NYX;TRPM1;SLC24A1;GPR179;LRIT3;GRK1;GNB3;RDH5;PLA2G5;CFI;CFH;EFEMP1;PDE6H;NOTCH3;TREX1;CAPN5;IGFBP7;CTC1;STN1;CTNNB1;FZD4;LRP5;TSPAN12;CENPF;IKBKG;DAG1;ISPD;POMGNT2;RXYLT1;B4GAT1;POMK;XYLT2;VCAN;ATOH7;CYBB;NCF1;NCF2;CYBA;NCF4;IL10;HLA-B;FAS;UBAC2;IL23R;MEFV;STAT4;C4A;IL12A;TLR4;CCR1;KLRC4;IL12A-AS1;ERAP1;BTNL2;HLA-DRB1;NLRC4;NLRP3;NOD2;PTPN22;IL2RA;CD247;PTPN2;ANKRD55;IL2RB;HLA-A;RFC2;BAZ1B;TBL2;CLIP2;ELN;GTF2I;GTF2IRD1;LIMK1;SEMA5A;CTNND2;RB1;DHCR7;CTDP1;RRAS;PTPN11;BRAF;SOS1;KRAS;RAF1;NRAS;KAT6B;RIT1;LZTR1;A2ML1;RASA2;SOS2;SF3B4;PPP1CB;SHOC2;PAX3;UBE3B;FOXL2;MID1;SPECC1L;SMC1A;NIPBL;SMC3;HDAC8;RAD21;KMT2A;SETD5;MTM1;LIG4;NSUN2;CNBP;FLI1;PHF6;ACTB;DBH;ZNF462;KIF1BP;TFAP2B;ZFHX4;CTNND1;CDH1;KMT2D;KDM6A;RAP1A;RAP1B;DHODH;TWIST2;XPA;XPC;DDB2;POLH;SULT2B1;SDR9C7;ABCA12;ALOX12B;ALOXE3;TGM1;CYP4F22;NIPAL4;LIPN;SERPINB8;CSTA;PNPLA1;CERS3;PHGDH;PSAT1;FRAS1;FREM2;GRIP1;TP63;RIPK4;IRF6;FOXC2;EDA;EDA2R;ELP1;TRAPPC11;AAAS;GMPPA;EDAR;EDARADD;WNT10A;TRAF6;KDF1;FGF10;NFKBIA;IGSF3;DKC1;TERT;TERC;NOP10;NHP2;USB1;WRAP53;RTEL1;PARN;HGD;HSPG2;SLC39A13;P4HB;SEC24D;COL1A1;COL1A2;P3H1;CRTAP;PPIB;CREB3L1;SERPINH1;FKBP10;SERPINF1;WNT1;BMP1;TMEM38B;SP7;SPARC;H19;IGF2;PLOD1;CDKN1C;B3GALT6;SLITRK6;CRIM1;NAA10;SMOC1;BMP4;HMX1;STRA6;RARB;RAB3GAP1;RAB3GAP2;RAB18;TBC1D20;MAB21L2;VSX2;GDF3;TENM3;YAP1;JAG1;NOTCH2;ITPR1;KERA;PKP1;PLEC;TAT;COL7A1;LAMB3;LAMC2;LAMA3;MMP1;TGFBI;UBIAD1;CHST6;PIKFYVE;DCN;NLRP1;COL17A1;TACSTD2;KRT12;KRT3;STS;SLC4A11;PYCR1;CTNS;ALDH18A1;ZNF469;PRDM5;LCAT;POLA1;GSN;TCF4;AGBL1;GJB2;GJB6;MIR184;TGFBR2;GJA8;CHRDL1;ORAI1;STIM1;HHAT;PTEN;ACVRL1;SMAD4;ENG;GDF2;PLG;CRYAA;CRYBB2;HSF4;MIP;NHS;LIM2;EPHA2;FYCO1;CRYGB;GCNT2;LSS;LEMD2;SIPA1L3;CASK;NF2;CEP55;TMEM107;B9D2;NSD1;SETD2;APC2;PTH;AIRE;WRN;NOTCH1;ARHGAP31;DOCK6;RBPJ;EOGT;DLL4;PMPCA;LONP1;FTL;CRYBA4;CRYGC;CRYGD;CRYBB1;MAF;EPG5;KCTD1;SLC16A12;GCM2;SMCHD1;GJA1;ZBTB20;RSPO2;WNT3;GFER;CASR;PXDN;SLC33A1;MED25;GJB4;GJB3;KDSR;IARS2;PITX3;NACC1;MIPEP;MSMO1;MPLKIP;GTF2H5;RNF113A;GTF2E2;SEC23A;PTH1R;AGGF1;RASA1;LMNA;ZMPSTE24;CYP51A1;FAM126A;ATP6V1B2;TBC1D24;NSD2;NELFA;LETM1;TBR1;SUMF1;GLA;MVK;CYP27A1;OAT;MAN2B1;FAR1;CLPB;SC5D;ALG8;ABHD5;GALE;GALK1;GALT;COL4A3;COL4A4;COL4A5;ESCO2;AGPS;GNPAT;EBP;GNAS;RECQL4;ADAMTSL4;PORCN;ASPH;SUOX;ADAMTS17;SEMA3E;CHD7;P3H2;LRPAP1;OPN1SW;NF1;MYCN;CYSLTR2;BAP1;SF3B1
Rare surgical thoracic disease	MYOD1;RAPSN;DOK7;MUSK;GLE1;LAMA3;STRA6;RARB;MIR17HG;MYCN;MID1;SPECC1L;SLC2A10;MYH11;COL3A1;COL5A1;TGFBR2;FBN1;SMAD3;NKX2-5;GATA5;NOTCH1;SMAD6;ACTA2;TGFBR1;FOXE3;LOX;MAT2A;ELN;TGFB3;MYLK;PRKG1;MFAP5;TGFB2;FLNA;NSD2;NELFA;LETM1;SMC1A;NIPBL;SMC3;HDAC8;RAD21;KMT2A;SETD5;GPC3;GPC4;LRP2;KMT2D;KDM6A;RAP1A;RAP1B;TNXB;PLAT;COL5A2;COL1A1;GORAB;PYCR1;RIN2;LTBP4;EFEMP2;ATP7A;ALDH18A1;FBLN5;ATP6V0A2;ATP6V1E1;ATP6V1A;ZFPM2;GATA6
Rare respiratory disease	NFKBIA;SMARCA4;DICER1;RB1;TP53;TP73;SARS2;EIF2AK4;BMPR2;ACVRL1;TBX4;ENG;CAV1;SMAD9;KCNK3;HLA-B;LAMA3;STRA6;RARB;MYOD1;RAPSN;DOK7;MUSK;GLE1;TCTN3;NEK9;DYNC2LI1;IFT80;DYNC2H1;TTC21B;WDR19;IFT140;WDR60;IFT172;WDR34;CEP120;GLI1;EVC;EVC2;IFT122;WDR35;IFT43;IFT52;CSPP1;KIAA0586;TRAF3IP1;NEK1;CFTR;TGFB1;DCTN4;CLCA4;STX1A;SERPINA1;TSPYL1;ZFPM2;GATA6;FLCN;DNAH1;PIH1D3;DNAJB13;TTC25;MCIDAS;OFD1;DNAH11;DNAH5;DNAI1;NME8;DNAI2;DNAAF2;RSPH9;RSPH4A;DNAAF1;CCDC39;CCDC40;DNAL1;DNAAF3;CCDC103;DNAAF5;HYDIN;LRRC6;CCDC114;DRC1;ARMC4;DNAAF4;RSPH1;ZMYND10;CFAP298;CCDC65;SPAG1;CCNO;CCDC151;RSPH3;GAS8;RPGR;STK36;CFAP300;MUCL3;MUC5B;SLC11A1;HLA-DRB1;CTGF;IRF5;KIAA0319L;CCR6;ITCH;VPS33A;SCNN1A;SCNN1B;SCNN1G;SFTPC;HLA-DPA1;HLA-DPB1;CTLA4;PTPN22;PRTN3;NPC1;NPC2;GBA;SCARB2;TSC1;TSC2;FAM111B;SFTPA1;DSP;TERT;TERC;SFTPA2;RTEL1;FAM13A;STN1;ATP11A;DPP9;PARN;ABCA3;BTNL2;ITGA3;SFTPB;CSF2RB;CSF2RA;OAS1;NKX2-1;MARS;FOXF1;COPA;CYBB;NCF1;NCF2;CYBA;NCF4;NOD2;HPS1;HPS4;SMPD1;CASR;GNA11;AP2S1;C1R;STAT4;SPP1;IRAK1;IL2RA;CD247;PTPN2;ANKRD55;IL2RB;MIF;IL6;LACC1;BRAF
Rare hematologic disease	BLM;GATA2;KIT;CEBPA;TGM6;TET2;GLIS2;CBFA2T3;MYB;GATA1;FLT3;NPM1;CREBBP;KAT6A;KMT2A;MLLT3;MECOM;RPN1;NUP214;DEK;RBM15;MKL1;PML;PRKAR1A;RARA;STAT5B;FIP1L1;NABP1;ZBTB16;NUMA1;TBL1XR1;MYH11;CBFB;RUNX1;RUNX1T1;FGFR1;PDGFRB;PDGFRA;RRAS;PTPN11;KRAS;NF1;NRAS;CBL;ETV6;CSF3R;BCR;ABL1;JAK2;MPL;CALR;SH2B3;TP53;SRC;SF3B1;RPS14;MYSM1;CASP10;FAS;FASLG;PRKCD;RASGRP1;CARD11;BRAF;CCND1;IKZF1;CDKN2A;GATA3;AUTS2;HLF;AFF1;TCF3;PBX1;IGH;FOXP1;PAX5;PIP4K2A;HLA-C;SET;SALL2;TRA;TAL1;MYC;STIL;TRB;TRD;TRG;TCL1A;TLX1;TLX3;CNOT3;MLLT10;HNRNPH1;DDX3X;PICALM;BCL2;BCL6;ATM;ALK;XPO1;IGHV4-34;HLA-DRB1;P2RX7;IGHV3-21;ARL11;IGHG1;POT1;RPS15;IKZF3;MYD88;MALT1;BIRC3;BCL10;STAT3;CTLA4;TNFRSF1B;CD28;TYK2;KLHDC8B;TCN2;MTRR;GIF;MTR;ABCD4;HCFC1;MMADHC;AMN;CUBN;MMACHC;LMBRD1;TF;TMPRSS6;STEAP3;CP;SLC11A2;DHFR;FTCD;SLC46A1;UMPS;SLC19A2;HPRT1;CYB5R3;CYB5A;HBB;HBA2;HBA1;HBG2;BCL11A;HBG1;KLF1;HBD;ATRX;COX4I2;LPIN2;CDAN1;C15ORF41;KIF23;SEC23B;PIGA;THBD;DGKE;LCAT;AMMECR1;ACSL4;KCNE5;CFB;CFH;C3;CD46;CFI;CFHR4;CFHR1;CFHR3;CFHR5;CD59;SLC4A1;SPTA1;SPTB;ANK1;EPB42;EPB41;GYPC;SLC2A1;RHAG;PIEZO1;KCNN4;RHCE;RHD;ABCB6;MTTP;XK;UROS;GSS;GCLC;GSR;PFKM;TPI1;PGK1;ALDOA;BPGM;GPI;PKLR;G6PD;HK1;NT5C3A;AK1;RPL18;RPS27;RPL27;TSR2;RPL35;RPS19;RPS24;RPS17;RPS7;RPL5;RPL11;RPL35A;RPS10;RPS26;RPL26;RPL15;RPS29;RPS28;DKC1;TERT;TERC;TINF2;NOP10;NHP2;USB1;WRAP53;CTC1;RTEL1;PARN;RAD51;MAD2L2;BRCA1;XRCC2;RFWD3;BRCA2;BRIP1;ERCC4;FANCA;FANCB;FANCC;FANCD2;FANCE;FANCF;FANCG;FANCL;FANCM;FANCI;PALB2;RAD51C;SLX4;UBE2T;ACD;SBDS;EFL1;SRP54;DNAJC21;SRP72;ERCC6L2;THPO;PRF1;IFNG;PUS1;YARS2;GLRX5;SLC25A38;HSPA9;ABCB7;TRNT1;ALAS2;EPOR;EPO;EGLN1;EPAS1;VHL;HELLPAR;GP1BA;GP1BB;ITGA2B;ITGB3;ITGA2;CD109;FCGR2C;MASTL;CYCS;FLI1;TBXA2R;SLFN14;WAS;ANKRD26;GP9;GFI1B;TPM4;TUBB1;ACTN1;PRKACG;PLAU;NBEAL2;ORAI1;STIM1;RBM8A;MYH9;GNE;DIAPH1;CDC42;HOXA11;WIPF1;LYST;AP3B1;DTNBP1;BLOC1S3;HPS3;HPS5;HPS6;HPS1;HPS4;BLOC1S6;ANO6;RASGRP2;PLA2G4A;P2RY12;GP6;VWF;SERPINA1;F5;FGA;FGB;FGG;F13A1;F13B;SERPINF2;F11;KLKB1;KNG1;SERPINE1;MCFD2;LMAN1;F8;F9;F7;F2;F10;GGCX;VKORC1;F12;PIGM;PIGW;PROS1;HRG;PROC;SERPINC1;ADAMTS13
Rare urogenital disease	MSMB;SRD5A2;RNASEL;BRCA1;BRCA2;CHEK2;ELAC2;EPHB2;NBN;HNF1B;HOXB13;MSR1;KIT;KITLG;SPRY4;NR5A1;MRPS22;FSHR;BMP15;PSMC3IP;NUP107;SPIDR;SOX9;SRY;SOX3;NR0B1;MCM9;WNT4;ERAL1;HSD17B4;TWNK;HARS2;CLPP;LARS2;RSPO1;CYP19A1;CYP21A2;NR3C1;HSD3B2;CYP11B1;POR;WT1;DHH;DMRT1;CBX2;MAP3K1;DMRT3;WWOX;ZFPM2;GATA4;VAMP7;BDNF;PAX6;TSPYL1;HHAT;ATRX;ARX;MAMLD1;MTM1;SAMD9;AMH;AMHR2;AR;LHB;LHCGR;AKR1C2;AKR1C4;HSD17B3;CYB5A;CYP17A1;CYP11A1;STAR;DHCR7;SEMA3E;CHD7;FGD1;TBX22;CDH11;HOXA13;MID1;SPECC1L;KIF14;CEP55;CDKN1C;VANGL1;FUZ;TNXB;ROBO2;SOX17;TP63;ISL1;CHRM3;ADGRG2;CFTR
Rare gastroenterologic disease	PRKD1;PLAG1;HMGA2;TNFRSF10B;PTEN;ING1;PLA2G4A;SLCO2A1;PRNP;SGO1;NLRC4;SOX10;RET;ECE1;EDN3;EDNRB;GDNF;NRTN;SEMA3C;SEMA3D;ACTG2;LMOD1;MYH11;MYLK;BBS1;BBS10;BBS2;BBS4;BBS5;BBS7;BBS9;CEP290;TRIM32;TTC8;ARL6;MKKS;MKS1;NPHP1;BBS12;SDCCAG8;WDPCP;LZTFL1;IFT172;BBIP1;IFT27;C8ORF37;PHOX2B;GUCY2C;ACTA2;KIF1BP;FLNA;ASCL1;CLMP;MYO5B;STX3;EPCAM;NEUROG3;TMPRSS15;SI;LCT;TREH;MTTP;SAR1B;SLC39A4;AMN;CUBN;SLC46A1;ALDOB;SLC5A1;SLC26A3;SPINT2;SLC9A3;POLG;TYMP;RRM2B;ALG8;ALG6;MPI;TK2;AFG3L2;TWNK;MPV17;DGUOK;SUCLA2;SUCLG1;FBXL4;CYBB;NCF1;NCF2;CYBA;NCF4;IL10;IL10RA;IL10RB;EGFR;ADAM17;IL21;SDHA;SDHB;SDHC;KIT;PDGFRA;PLVAP;DGAT1;LRBA;TTC37;SKIV2L;IL2RA;AIRE;STAT5B;ITCH;STAT1;CTLA4;STAT3;FOXP3;LCK;RFX5;RFXANK;RFXAP;CIITA;TRAC;MEN1;CDKN1B;CDKN1A;CDKN2B;CDKN2C;IPMK;ESR2;NTRK1;MLH1;MSH2;MSH6;KRAS;PMS1;PMS2;TGFBR2;MLH3;FAN1;PIK3CA;BMPR1A;SEMA4A;RPS20;STK11;SDHD;SEC23B;AKT1;KLLN;RNF43;GREM1;MUTYH;APC;SMAD4;ENG;NTHL1;AXIN2;POLE;POLD1;MSH3;CRLF1;HLA-DQA1;HLA-DQB1;NOS1;RHBDF2;GUCY1A1;WWOX;RNF6;DLEC1;ATP4A;ATRX;DAXX;CDH1;MAP3K6;CTNNA1;CFTR;TGFB1;DCTN4;CLCA4;STX1A;COX4I2;CASR;PRSS1;SPINK1;PRSS2;CTRC;CPA1;SBDS;EFL1;SRP54;DNAJC21;PTRH2;GCGR;BRCA1;BRCA2;CDKN2A;TP53;PALB2;PALLD
Rare cardiac disease	TTN;PKP2;RYR2;TGFB3;DSC2;DSG2;DSP;JUP;LDB3;LMNA;TMEM43;CTNNA3;AGL;GYS1;GAA;PRKAG2;LAMP2;MT-TQ;MT-CO1;MT-CO2;MT-CO3;MT-ND1;MT-ND4;MT-ND5;MT-ND6;MT-TL1;MT-TW;MT-TH;MT-TS1;MT-TS2;MT-TF;MT-TP;MT-TK;MT-RNR1;NDUFS2;MT-ATP6;MT-CYB;MT-ND2;MT-ND4L;SLC25A4;AGK;COQ9;MTO1;ELAC2;MRPL44;NDUFAF1;COQ4;GTPBP3;ATAD3A;MT-ND3;HADHA;HADHB;SLC25A20;SLC25A32;FLAD1;ETFA;ETFB;ETFDH;ACADVL;ACAD9;ACADL;FXN;DMPK;RRAS;PTPN11;BRAF;SOS1;KRAS;RAF1;NRAS;KAT6B;RIT1;LZTR1;A2ML1;RASA2;SOS2;HRAS;WT1;SOX9;SRY;DHH;NR0B1;NR5A1;DMRT1;CBX2;MAP3K1;MAP2K1;MAP2K2;PPP1CB;SHOC2;MYO6;CDKN1C;H19;KCNQ1OT1;IGF2;NSD1;CBL;CRYAB;SLC25A3;DES;MANBA;FUCA1;GLA;IDS;IDUA;MIPEP;PLEKHM2;ACTC1;TNNT2;TPM1;DTNA;MYBPC3;MYH7;MIB1;PRDM16;MYH7B;MIB2;TAF1A;NEBL;PPCS;ABCC9;PSEN1;PSEN2;SCN5A;SDHA;SGCD;TAZ;TCAP;TNNI3;CSRP3;DMD;FKTN;DOLK;MYH6;TMPO;TNNC1;VCL;ACTN2;FHL2;PLN;BAG3;RBM20;NEXN;TXNRD2;GATAD1;MYPN;LAMA4;ANKRD1;GBE1;DPM3;PGM1;SGCA;LIMS2;RBCK1;SGCG;SGCB;SYNE1;SYNE2;EMD;FHL1;LTBP4;MT-ATP8;RRM2B;SLC22A5;ALMS1;RERE;GABRD;SKI;KCNAB2;EPG5;EYA4;DNAJC19;XK;ACAD8;BTNL2;HLA-DRB1;CAV1;CTGF;IRF5;KIAA0319L;CCR6;SAA1;FGFR1;FIP1L1;PDGFRA;PDGFRB;ETV6;NPPA;ABCC6;ENPP1;FLNC;KIF20A;TTR;GBA;SCARB2;HCN4;TBX5;SCN1B;NKX2-5;TRPM4;CASQ2;TRDN;CALM1;CALM2;CALM3;TECRL;DPP6;CLIC2;CACNA1D;SGO1;TNNI3K;CACNA1C;CACNB2;KCNE3;GPD1L;SCN3B;KCNJ8;CACNA2D1;KCND3;SCN10A;SLMAP;AKAP9;KCNE5;RANGRF;SCN2B;PITX2;GATA4;KCNE1;KCNE2;KCNJ2;KCNQ1;GJA5;MYL4;NKX2-6;SCN4B;KCNA5;NUP155;GATA6;GATA5;TANGO2;BVES;KCNH2;KCNJ5;CAV3;ANK2;SNTA1;NOS1AP;PRKAR1A;MYH8
Rare hepatic disease	ACVRL1;SMAD4;ENG;GDF2;F5;JAK2;DGUOK;SP110;TMEM67;RPGRIP1L;CC2D2A;INPP5E;HADHA;NPHP3;TRMU;LARS;NEK8;GPD1;NBAS;SCYL1;SH2B3;PIGA;MARS;TTC37;SKIV2L;PTPN3;AXIN1;PIK3CA;CASP8;TP53;PDGFRL;CTNNB1;TSC2;TSC1;EGF;DNAJB1;PRKACA;MET;CFTR;TGFB1;DCTN4;CLCA4;STX1A;IL12RB1;SPIB;IL12A;IRF5;TNPO3;MMEL1;POU2AF1;TNFSF15;VPS33B;VIPAS39;JAG1;NOTCH2;PRKCSH;SEC63;LRP5;LBR;ABCB4;PKHD1;CYP51A1;GPR35;MST1;TCF4;DCDC2;CLDN1;GPC1;CFC1;RFX6;AGL;PYGL;ATP7B;SERPINA1;ALDOB;ABCC2;SLCO1B1;SLCO1B3;GFM1;FTH1;SLC25A13;BCS1L;PHKA2;PHKG2;GBE1;FAH;SLC2A2;EPHX1;TJP2;BAAT;ABCD1;BCAP31;TWNK;SLC30A10;GALE;NR1H4;ABCB11;ATP8B1;UGT1A1;LIPA;SLC37A4;G6PC;PHKB;GALT;POLG;MPV17;UTP4;MYO5B;CYP27A1;SLC27A5;AMACR;HSD3B7;CYP7B1;AKR1D1;PEX11B;PEX2;PEX1;PEX10;PEX12;PEX13;PEX14;PEX16;PEX19;PEX26;PEX3;PEX5;PEX6;RFT1;COG4;DPM2;ALG13;PGM1;TMEM165;DDOST;B4GALT1;MOGS;ALG9;ALG2;ALG8;MPI;PMM2;SLC40A1;TFR2;HFE;BMP6;HAMP;HJV
Rare circulatory system disease	ACVRL1;SMAD4;ENG;GDF2;ARL6IP6;GNAQ;RASA1;PIK3CA;STAMBP;EPHB4;TEK;CCM2;KRIT1;PDCD10;GLMN;VEGFC;FLT4;GJC2;RRAS;PTPN11;BRAF;SOS1;KRAS;RAF1;NRAS;KAT6B;RIT1;LZTR1;A2ML1;RASA2;SOS2;CCBE1;FAT4;ADAMTS3;KIF11;GATA2;SOX18;IKBKG;FOXC2;RELN;MPI;PTPN14;TFE3;CAMTA1;YAP1;WWTR1;GNA14;ELMO2;IDH2;IDH1;PTEN;AKT1;AGGF1;TFAP2B;PRDM6;ELN;NKX2-5;GATA5;NOTCH1;SMAD6;ADA2;COL3A1;COL1A1;EFEMP2;NT5E;TMEM173;ABCC6;ENPP1;FBLN5;SLC2A10;MYH11;COL5A1;TGFBR2;FBN1;SMAD3;ACTA2;TGFBR1;FOXE3;LOX;MAT2A;TGFB3;MYLK;PRKG1;MFAP5;TGFB2;FLNA;HLA-DPA1;HLA-DPB1;CTLA4;PTPN22;PRTN3;DNASE1L3;IL10;HLA-B;FAS;UBAC2;IL23R;MEFV;STAT4;C4A;IL12A;TLR4;CCR1;KLRC4;IL12A-AS1;ERAP1;IL12B;MLX;TP53;RFC2;BAZ1B;TBL2;CLIP2;GTF2I;GTF2IRD1;LIMK1;SCNN1B;SCNN1G;CYP11B1;CYP11B2;PDE3A;TSHR;NF1;KLHL3;CUL3;KIF1B;MDH2;RET;SDHA;SDHB;SDHC;SDHD;FH;SDHAF2;TMEM127;MAX;VHL;HSD11B2;NR3C2;WNK1;WNK4;EPAS1
Rare odontologic disease	RUNX2;NHS;SLC13A5;ROGDI;TP63;FAM20A;CNNM4;ANTXR1;ABCA5;ANTXR2;CTNND1;CDH1;FGF10;FGFR3;FGFR2;CTSC;ANKRD11;MSX1;BCOR;GJA1;WNT10A;FGF3;ELMO2;LTBP3;DLX3;ATP6V1B2;KCNH1;PEX1;PEX6;CHSY1;IL11RA;AXIN2;FLNA;FADD;SMARCAL1;GINGF2;SOS1;REST;BRF1;PTH1R;FAM83H;SLC24A4;ITGB6;AMTN;ACP4;ENAM;LAMB3;AMBN;GPR68;AMELX;KLK4;MMP20;WDR72;ODAPH;SUMO1;EDA;EDARADD;FGFR1;IRF6;PAX9;TGFA;LRP6;WNT10B;DSPP;SMOC2;SSUH2;VPS4B;EDA2R;IKBKG;SH3BP2;ALPL;COG6;SASH1;EDAR;TRAF6;KDF1;DSP;C1S;C1R;NFKBIA;LAMA3;COL17A1;ITGB4;ITGA3;ITGA6;LAMC2;PLOD2;FKBP10;COL1A1;COL1A2;P3H1;CRTAP;CREB3L1;PPIB;SERPINH1;SERPINF1;WNT1;BMP1;TMEM38B;SP7;SPARC;TNXB;COL5A1;COL5A2
Rare systemic or rheumatologic disease	F12;SERPING1;XPNPEP2;NOTCH2;ANKH;PRG4;IL10;IL10RA;IL10RB;MEFV;TNFRSF1A;WNT3A;DKK1;WNT1;PSMB8;SAMHD1;RNASEH2A;RNASEH2B;RNASEH2C;ADAR;TREX1;IFIH1;ACP5;ISG15;C1QA;C4A;DNASE1L3;PRKCD;DNASE1;ADA2;TMEM173;USP18;DDX58;POLA1;TTC37;SKIV2L;BTNL2;HLA-DRB1;NOD2;HLA-B;FAS;UBAC2;IL23R;STAT4;IL12A;TLR4;CCR1;KLRC4;IL12A-AS1;ERAP1;SH3BP2;TNFAIP3;RBCK1;RNF31;PLCG2;PSTPIP1;IL1RN;EGFR;ADAM17;IL36RN;LPIN2;NLRP12;NLRC4;OTULIN;MVK;NLRP3;PTPN22;IL2RA;CD247;PTPN2;ANKRD55;IL2RB;MIF;IL6;LACC1;ACAN;DPYD;COL2A1;TRPV4;HBB;GBA;SCARB2;PROS1;HRG;PROC;SERPINC1;ACVRL1;SMAD4;ENG;GDF2;PLOD3;FBN1;PLG;LAMA5;ADAMTSL4;FBN2;SKI;TGFBR2;SMAD3;TGFBR1;FOXE3;LOX;MAT2A;ELN;TGFB3;MYH11;ACTA2;MYLK;PRKG1;MFAP5;TGFB2;PXK;CTLA4;MECP2;FCGR3B;C4B;CR2;BLK;IRF5;PDCD1;FCGR2B;BANK1;ITGAM;KIAA0319L;JAZF1;TNIP1;UBE2L3;TNFSF4;SPP1;IRAK1;ETS1;CAV1;CTGF;CCR6;ITCH;STAT3;COPA;TPP2;LBR;C1R;SLC39A13;P4HA1;CHST14;DSE;COL1A1;COL1A2;FLNA;TNXB;PLOD1;COL3A1;COL5A1;ADAMTS2;FKBP14;C1S;B4GALT7;B3GALT6;ZNF469;PRDM5;COL5A2;APOA2;APP;SAA1;GSN;ITM2B;FGA;APOA1;LYZ;CST3;B2M;TTR;BRAF;HLA-DPA1;HLA-DPB1;PRTN3;IL12B;MLX
Rare neurologic disease	VHL;SCN1A;CACNA1A;ATP1A2;PRRT2;NDP;ADA2;ABCC6;ENPP1;F2;F5;PROZ;IGFBP7;CTNNB1;FZD4;LRP5;TSPAN12;ZNF408;ACTA2;ACVRL1;SMAD4;ENG;GDF2;GNAQ;EPHB4;CCM2;KRIT1;PDCD10;ANGPTL6;COL3A1;TGFBR3;ADAMTSL1;GLMN;RNF213;HBB;RRAS;PTPN11;BRAF;SOS1;KRAS;RAF1;NRAS;KAT6B;RIT1;LZTR1;A2ML1;RASA2;SOS2;HRAS;SAMHD1;RNASEH2A;RNASEH2B;RNASEH2C;ADAR;TREX1;IFIH1;CBL;NF1;BRCC3;PCNT;GUCY1A1;TMEM173;NOTCH3;APP;CTC1;STN1;CST3;COL4A1;COL4A2;HTRA1;CLTC;CHAMP1;HIVEP2;KDM5B;SET;RAB11A;PPP3CA;KCNQ5;ZMYND11;STXBP1;CIC;CSNK2B;TCF4;SYNGAP1;KIRREL3;DOCK8;MBD5;GRIN2B;CDH15;KIF1A;GRIN1;DYNC1H1;CACNG2;EPB41L1;DEAF1;EEF1A2;CAMK2A;CAMK2B;CXORF56;RPS6KA3;ARX;DMD;FTSJ1;GDI1;MED12;UPF3B;AGTR2;ZNF41;DLG3;IL1RAPL1;PAK3;TSPAN7;ARHGEF6;ZNF81;SYP;ZNF711;RAB39B;HCFC1;ALG13;MID2;PTCHD1;USP9X;ACSL4;MECP2;IQSEC2;CNKSR2;FRMPD4;USP27X;CLCN4;DCPS;B3GALNT2;AIMP1;CRBN;MED13L;TUSC3;TECR;GRIK2;WASHC4;TRAPPC9;PRSS12;MED23;ST3GAL3;CRADD;ZC3H14;NSUN2;LINS1;PGAP1;METTL23;CLIP1;FBXO31;NDST1;FMN2;EDC3;HNMT;EZR;LMAN2L;TNIK;PIGC;SLC45A1;FRRS1L;MBOAT7;C12ORF4;SARS;MED25;CC2D1A;MAN1B1;WARS2;CWC27;KCNK9;RFC2;BAZ1B;TBL2;CLIP2;ELN;GTF2I;GTF2IRD1;LIMK1;NSD2;NELFA;LETM1;SMC1A;NIPBL;SMC3;HDAC8;RAD21;KMT2A;SETD5;ARID2;SMARCB1;SMARCA4;ARID1B;ARID1A;SMARCE1;SOX11;DPF2;SUFU;GLI3;KIF7;RAI1;FLII;VPS13B;SLC2A1;ITPR1;PAX6;LIG4;TRPS1;EXT1;PNPLA6;EED;NSD1;EZH2;SUZ12;TSC1;TSC2;DISC1;EOMES;AP1S1;KCNJ10;CHRNA7;NTRK2;SCN2A;CDKL5;PIGA;SPTAN1;PLCB1;SIK1;GUF1;CNPY3;YAP1;CD96;WASHC5;CCDC22;OTX2;PRRX1;HDAC4;PTEN;CDH11;EMG1;ERCC2;ERCC6;ERCC5;ERCC1;TMCO1;TGDS;RAB3GAP1;RAB3GAP2;MAP2K1;MAP2K2;C12ORF57;SF3B4;PEPD;CCBE1;FAT4;ADAMTS3;FGFR1;ANTXR1;OSGEP;TP53RK;WDR73;NUP107;TPRKB;LAGE3;WDR4;RBM28;PIGN;SRCAP;ANKRD11;KMT2D;KDM6A;RAP1A;RAP1B;TBCE;PIGV;PIGL;PIGO;PGAP2;PGAP3;PIGW;PIGY;SKI;FBN1;PIEZO2;TUBA8;UBR1;UBE3B;OFD1;TMEM216;CPLANE1;TCTN3;PDE6D;KIAA0753;NEK1;MEG3;DLK1;RTL1;ZEB2;PTDSS1;KMT2C;EHMT1;ZBTB20;SLC19A3;SETBP1;ITGB6;AHSG;SPG11;DYRK1A;DDX59;ATP6V1B2;KCNH1;DCAF17;ERLIN2;PTCH1;SHH;SIX3;TGIF1;ZIC2;GLI2;TDGF1;FOXH1;FGF8;DISP1;CDON;NODAL;DLL1;GAS1;CKAP2L;SMARCA2;NKX2-1;PAFAH1B1;YWHAE;ERCC4;ERCC3;CNTNAP2;NRXN1;ITCH;DNM1L;PACS1;DCHS1;PURA;LAMA1;BCAP31;PIGT;TRAPPC11;MTHFR;VANGL2;CTCF;COG6;ADAT3;THOC6;ANK3;ASXL3;HNRNPK;CREBBP;EP300;AUTS2;DPYD;COLEC10;MASP1;COLEC11;PSAT1;GRIN2A;AP4M1;AP4E1;AP4B1;AP4S1;WAC;SOX5;TUBB2B;HACE1;PRMT7;DMXL2;CWF19L1;CLTCL1;SLC1A4;NFIX;DPH1;RPL10;MTOR;PPP2R5D;RSPRY1;HERC1;PPP2R1A;SPATA5;SLC6A17;KAT6A;FRMD4A;EXT2;VPS11;POGZ;NR2F1;EBP;FBLN1;DNMT3A;ADNP;UBE3A;SNRPN;ATP10A;DOCK7;NALCN;UNC80;FOXP1;PPP1R15B;TRMT10A;TTI2;TAF2;SNX14;KPTN;RDH11;FAR1;PCNA;RARS;PDE4D;GTPBP3;AFF4;BRF1;ALDH18A1;AHDC1;C2CD3;OTUD6B;TIMM50;VPS33A;EXTL3;MYSM1;PUF60;YY1;SELENOI;LMX1B;TBCD;ATAD3A;RERE;UBTF;SON;RAC1;SIN3A;TRAPPC12;USP7;FIBP;STRADA;NACC1;STAG1;MFF;TANGO2;EMC1;PYCR2;KDM1A;GPT2;TRIO;TELO2;TKT;PUS3;TBCK;PIGG;GNB1;CDC42;TBL1XR1;SNAP29;KIF1BP;SLC26A2;FLNB;EFTUD2;CTDP1;SHANK3;ERCC8;AHCY;SYT1;PLAA;KIDINS220;SLC39A14;PHGDH;PSPH;MGP;RNU12;WDR26;FAM126A;KLHL7;ASXL1;LEMD3;HMGA2;ARFGEF2;FLNA;ERMARD;NEDD4L;TMTC3;MAP1B;OCA2;HBA2;HBA1;FIG4;SRPX2;ADGRG1;PI4KA;WWOX;RUBCN;TDP2;MT-ATP6;NUP62;ATR;CENPJ;CEP152;RBBP8;ATRIP;TRAIP;PLK4;CENPE;ORC4;ORC6;CDT1;CDC6;ORC1;GMNN;CDC45;RNU4ATAC;ZNF335;NIN;LARP7;RTTN;C12ORF65;ADSL;DARS2;GAMT;ATIC;DHCR7;SLC39A8;PGM3;CLPB;CARS2;NEU1;B3GLCT;RFT1;COG4;COG1;COG5;ATP6V0A2;DAG1;ALG11;POMT2;SLC35A1;DPM2;SRD5A3;STT3A;STT3B;XYLT1;POMGNT1;POMT1;FKRP;POMK;GMPPB;LARGE1;SLC35A3;CHSY1;ATP6V1E1;ATP6V1A;ISPD;FKTN;POMGNT2;RXYLT1;B4GAT1;MGAT2;ALG1;ALG2;ALG8;MPDU1;ALG3;PMM2;DPAGT1;COG8;SLC35C1;ST3GAL5;CASK;HDAC6;UBE2A;ARHGEF9;POU3F4;FMR1;L1CAM;BCOR;NAA10;TMEM126B;TIMMDC1;NDUFB11;MT-ND1;MT-ND2;MT-ND3;NDUFAF2;NDUFS1;NDUFS2;NDUFS3;NDUFS4;NDUFS6;NDUFS7;NDUFS8;NDUFV1;NDUFV2;NDUFA1;NDUFAF4;NDUFAF5;NDUFA11;NDUFAF3;NUBPL;FOXRED1;NDUFAF1;NDUFB9;NDUFB3;NDUFB10;MTM1;IKBKG;FGD1;DKC1;TERT;TERC;TINF2;NOP10;NHP2;USB1;WRAP53;RTEL1;PARN;NHS;GPC3;GPC4;ZDHHC9;SLC16A2;PHF6;OPHN1;GJB1;PRPS1;AP1S2;EFNB1;DCX;PORCN;MAP3K7;NSDHL;HCCS;COX7B;SMS;FANCB;ACD;LAS1L;ZC4H2;PLP1;FOXG1;NTNG1;GABBR2;CLIC2;GRIA3;MID1;SPECC1L;MAMLD1;DDX3X;THOC2;NONO;HSD17B10;TAF1;SOX3;IGBP1;TIMM8A;STAG2;NEXMIF;SLC9A6;KDM5C;EIF2S3;MBTPS2;PHF8;SHROOM4;CUL4B;SYN1;HUWE1;AMMECR1;KCNE5;PQBP1;OPA2;AFF2;FMR3;ATRX;OCRL;OTC;ATP7A;PGK1;ABCD1;PDHX;PDHB;MAOA;IDS;DLD;GK;LAMP2;SLC6A8;PDP1;DLAT;PDHA1;SLC35A2;HPRT1;PDK3;AIFM1;ATP6AP2;PCDH19;TBC1D24;TUBA1A;NDE1;KATNB1;RELN;RAB18;TBC1D20;ACTB;ACTG1;HIC1;LAMB1;HLA-DRB1;HLA-DQB1;CPT2;RANBP2;UNC93B1;TLR3;TICAM1;TRAF3;TBK1;PHOX2B;EDN3;GDNF;MYO1H;BDNF;RET;ASCL1;JMJD1C;MYCN;LMO1;TOP2A;ALK;LIN28B;TP53;RELA;C11ORF95;IDH2;SRGAP3;KIAA1549;NFKBIA;MGMT;EGFR;FGFR3;TACC3;TACC1;PPARG;SEPT14;IDH1;MYB;QKI;POT1;SH3PXD2A;MN1;PDGFB;CCDC88C;MPDZ;PLXND1;REV3L;COL25A1;CHN1;MAFB;HOXB1;ZIC4;ZIC1;TSEN54;RARS2;TSEN15;TSEN34;TSEN2;SEPSECS;VRK1;EXOSC3;EXOSC8;EXOSC9;CHMP1A;AMPD2;TOE1;CLP1;PCLO;CEP120;PIBF1;TCTN2;AHI1;TMEM67;MKS1;ARL13B;INPP5E;TCTN1;B9D1;TMEM237;CEP41;CSPP1;KIAA0586;CEP104;KIAA0556;ARMC9;HYLS1;ARL3;CIT;NCAPD3;COPB2;KIF14;TAF13;CDK5RAP2;ASPM;MCPH1;STIL;WDR62;CEP63;CEP135;KNL1;PHC1;CDK6;SASS6;MFSD2A;ANKLE2;DPP6;TBC1D7;PIK3CA;AKT3;LAMC3;TUBB3;EML1;EMX2;VANGL1;FUZ;DKK1;TBXT;DACT1;MTHFD1;SLC12A6;SMO;EPG5;POLR3A;PIK3R2;CCND2;CEP55;TMEM107;RPGRIP1;CEP290;RPGRIP1L;CC2D2A;WDPCP;B9D2;TMEM231;ROBO3;VPS53;GPKOW;PROKR2;SOX2;HESX1;ARNT2;HEPACAM;FLVCR2;GPSM2;JAM3;CRB2;CENPF;PLAT;KIF11;STAMBP;IER3IP1;MED17;QARS;DIAPH1;SLC25A19;TMEM138;ZNF423;NPHP1;KPNA7;PTF1A;POLR3B;NPHP3;B4GALT1;DMPK;TBX1;ARVCF;GP1BB;UFD1;COMT;HIRA;RREB1;SEC24C;ATP7B;SNORD115@;MAGEL2;NDN;SNORD116@;SIM1;HERC2;PDGFRB;SLC20A2;XPR1;ATN1;ADCY5;FTL;ATXN3;PDE10A;TBP;ATXN1;ATXN2;VPS13A;PANK2;XK;JPH3;HTT;SLC2A3;ABCA7;TREM2;PSEN1;PSEN2;SORL1;TOMM40;TYROBP;AARS2;CSF1R;DNMT1;C9ORF72;SNCA;GBA;LRRK2;EIF4G1;VPS35;DNAJC13;GIGYF2;PRKAR1B;PARK7;TRPM7;ITM2B;FA2H;WDR45;C19ORF12;ATP13A2;COASY;CP;PLA2G6;PRNP;VCP;TARDBP;FUS;SQSTM1;CHCHD10;MAPT;HNRNPA2B1;HNRNPA1;TMEM106B;CHMP2B;GRN;COQ8A;SPTBN2;TPP1;ANO10;STUB1;SYNE1;PMPCA;VLDLR;WDR81;CA8;ATP8A2;ZNF592;ATCAY;ATM;APTX;MRE11;XPA;XPC;DDB2;RNF168;SETX;PIK3R5;TDP1;TTPA;MTTP;PHYH;PEX7;CYP27A1;PEX10;GRM1;PEX2;PEX1;PEX12;PEX13;PEX14;PEX16;PEX19;PEX26;PEX3;PEX5;PEX6;PEX11B;GRID2;GBA2;POLG;SYT14;PNKP;SCYL1;SLC52A2;FXN;TWNK;SIL1;INPP5K;FLVCR1;ELOVL4;NOP56;TGM6;SCA32;ATP1A3;CAMTA1;DAB1;SCA37;MME;FGF14;PRKCG;PLEKHG4;ATXN8;ATXN8OS;PPP2R2B;KCND3;IFRD1;TMEM240;KCNC3;SCA25;AFG3L2;SCA20;PDYN;ATXN10;SCA30;BEAN1;TRPC3;CACNA1G;ELOVL5;TTBK2;EEF2;ATXN7;PSAP;ARSA;CLN8;KCTD7;MFSD8;CLN6;CLN5;CTSD;PPT1;CLN3;DNAJC5;CTSF;GALC;NPC1;NPC2;HEXA;HEXB;SCARB2;FAS;PTPN22;PRF1;STX11;UNC13D;STXBP2;MYO5A;PMP22;CCNF;TAF15;EPHA4;ANXA11;C21ORF2;GLE1;DAO;SOD1;VAPB;NEFH;OPTN;DCTN1;ANG;MATR3;PRPH;PON1;PON2;PON3;UBQLN2;PFN1;PPARGC1A;ERBB4;UNC13A;AR;LYST;ZNHIT3;FOLR1;COQ2;ASPA;TMPRSS4;GFAP;BSCL2;UCHL1;ACO2;ISCA2;ITPA;MICU1;SLC30A9;MECR;VAC14;TXN2;SPG7;SPG34;ERLIN1;ZFR;REEP2;DDHD1;SPG24;SPG37;SLC33A1;SPG41;CPT1C;SPG19;RTN2;SPG38;SPG36;SPG29;SPG32;CCT5;DDHD2;TECPR2;GJC2;VPS37A;MAG;ARL6IP1;WDR48;USP8;MARS;ENTPD1;ARSI;KIF1C;KY;CAPN1;SPART;ZFYVE26;SPG25;B4GALNT1;DSTYK;SPG23;SPG21;FLRT1;KLC2;IBA57;TFG;REEP1;ATL1;KIF5A;NIPA1;SPAST;HSPD1;NT5C2;CYP2U1;AP5Z1;FARS2;CYP7B1;SPG14;SPG27;SPG16;GM2A;SOX10;CD59;GAN;SCN9A;SCN10A;SCN11A;TRPA1;MPZ;GNB4;INF2;DNM2;YARS;KARS;GDAP1;PLEKHG5;COX6A1;PTRH2;PRX;EGR2;SBF1;SURF1;MTMR2;SBF2;NDRG1;SH3TC2;FGD4;HK1;GJB3;ARHGEF10;FBLN5;NEFL;LITAF;HINT1;LRSAM1;TRIM2;IGHMBP2;DNAJB2;MFN2;SCO2;LMNA;OPA1;SLC25A46;AARS;DHTKD1;NAGLU;MORC2;DCAF8;HARS;DGAT2;ATP1A1;HSPB1;KIF1B;HSPB8;RAB7A;TRPV4;GARS;ELP1;NTRK1;WNK1;RETREG1;DST;NGF;CRLF1;CLCF1;SPTLC1;SPTLC2;ATL3;SIGMAR1;HSPB3;FBXO38;SLC5A7;MYH14;UBA1;ABHD12;AAAS;GMPPA;EMILIN1;ABCA1;GSN;TTR;MANBA;GLA;HADHA;HADHB;GBE1;FAH;OAT;PYCR1;IARS2;APOPT1;AMACR;SMPD1;BTD;MMACHC;MT-TQ;MT-CO1;MT-CO2;MT-CO3;MT-ND4;MT-ND5;MT-ND6;MT-TL1;MT-TW;MT-TH;MT-TS1;MT-TS2;MT-TF;MT-ATP8;RRM2B;MT-TP;MT-TK;MT-RNR1;OGDH;FH;TYMP;NDUFA13;SDHA;COX15;NDUFAF6;TACO1;NDUFA2;NDUFA10;NDUFA9;MTFMT;LIPT1;PET100;NDUFA4;ECHS1;NDUFA12;PDSS2;NDUFB8;LRPPRC;PDSS1;COQ6;COQ9;COQ4;PPOX;CPOX;HMBS;ALAD;SEPT9;CCND1;MYD88;SAA1;HLA-DPA1;HLA-DPB1;CTLA4;PRTN3;BTNL2;NF2;PTCH2;CDKN2A;MDM2;CHEK2;PMS2;MLH1;MSH2;MSH6;APC;FOXP2;SAMD9L;RNF216;DNAJC3;MSTO1;SLC1A3;CACNB4;KCNA1;ABCB7;ATP2B3;GLRX5;SACS;MTPAP;MARS2;VAMP1;DNAL4;RAD51;DCC;NTN1;FBXO7;PINK1;HTRA2;PODXL;PRKN;VPS13C;DNAJC6;PRKRA;PDE8B;SLC6A3;SLC30A10;SYNJ1;SCN8A;PNKD;SLC18A2;DNAJC12;SGCE;TOR1A;DRD2;DYT15;KCTD17;SPR;GCH1;TH;GNAL;DYT17;COL6A3;CIZ1;ANO3;HPCA;DYT13;TUBB4A;DYT21;THAP1;EPM2A;NHLRC1;CSTB;PRICKLE1;ASAH1;PRDM8;GOSR2;LMNB2;PRICKLE2;CERS1;KCNC1;SERPINI1;ICK;EFHC1;GABRA1;GABRD;KCNQ3;JRK;CLCN2;NOL3;SAMD12;CTNND2;CNTN2;ADRA2B;ATAD1;GLRA1;GLRB;GPHN;SLC6A5;STAC3;RYR1;CACNA1S;SELENON;TTN;MYH7;PER3;CSNK1D;PER2;HCRT;MOG;TNFSF4;P2RY11;ZNF365;CTSH;SCP2;EIF2B1;EIF2B2;EIF2B3;EIF2B4;EIF2B5;UFM1;MLC1;DARS;EARS2;RPIA;NADK2;ACER3;RNASET2;LMNB1;SLC7A2-IT1;HIKESHI;POLR1C;SCN4A;CLCN1;KCNE3;KCNJ2;KCNJ5;CASQ1;CRYAB;KLHL9;TIA1;CAV3;FLNC;LDB3;MYOT;DES;DYSF;NEB;ANO5;GNE;ADSSL1;DUX4;DUX4L1;FRG1;SMCHD1;HSPG2;COL6A1;COL6A2;COL12A1;FHL1;PABPN1;ACTA1;VMA21;PHOX2A;KIF21A;TMEM43;SYNE2;EMD;TNPO3;HNRNPDL;DNAJB6;SGCA;CAPN3;TRIM32;PLEC;LIMS2;TOR1AIP1;SGCG;SGCD;SGCB;POGLUT1;BVES;TCAP;LTBP4;CNBP;LAMA2;CHKB;TRIP4;ITGA7;DPM3;FAM111B;ATP2A1;BAG3;TPM3;KLHL40;KLHL41;LMOD3;CFL2;TPM2;MYPN;KBTBD13;TNNT1;MYH2;SLC16A1;ISCU;SLC22A5;MT-TE;SLC25A32;FLAD1;ETFA;ETFB;ETFDH;ACADVL;ACADS;LPIN1;PNPLA2;ABHD5;AGL;PYGM;PFKM;PHKA1;PHKG1;GYG1;LDHA;GAA;RBCK1;PHKB;PGAM2;ENO3;AMPD1;AMPD3;TAZ;PUS1;YARS2;TK2;MT-TL2;MT-TN;SDHB;SDHD;SDHAF1;GFER;DGUOK;RNASEH1;MGME1;DNA2;MAP3K20;MYL2;HACD1;MYMK;ORAI1;STIM1;CNTN1;MYO18B;CCDC174;MEGF10;SPEG;BIN1;MYF6;MTMR14;CCDC78;GABRA3;KCNJ18;CREB3L2;CREB3L1;SLC22A18;FOXO1;PAX3;PAX7;GFPT1;ALG14;CHAT;AGRN;SLC25A1;SNAP25;SYT2;MYO9A;SLC18A3;COL13A1;RAPSN;CHRNA1;CHRNB1;CHRND;CHRNE;DOK7;MUSK;LRP4;AK9;COLQ;LAMB2;TNFRSF11A;HLA-DQA1;ALS2;ASCC1;SMN2;NAIP;SMN1;BICD2;SLC52A3;CEP126;AGA;SUMF1;FASTKD2;CBS;TPI1;ALDH5A1;MAT1A;QDPR;SLC6A19;CTSA;ALDH3A2;PTS;ALDH7A1;SLC13A5;PLPBP;ACY1;MTRR;POLG2;SLC25A4;MT-TV;UROC1;GCDH;ABAT;MTR;PCBD1;PRODH;RMND1;SERAC1;SLC6A9;AMT;GCSH;GLDC;PAH;ADK;AGPS;GNPAT;MMADHC;MAN2B1;SLC17A5;LIAS;SFXN4;ASNS;MPC1;VARS2;TARS2;DBH;TRMT10C;MIPEP;GLUL;HADH;UPB1;ACADSB;KYNU;ALDH4A1;PNPO;GATM;DDC;HIBCH;SGSH;GLB1;NAGA;HGSNAT;GNS;IDUA;SUOX;L2HGDH;D2HGDH;NFU1;BOLA3;SUCLA2;SUCLG1;FBXL4;P4HA1;CHST14;DSE;TMEM165;DDOST;COG2;ALG12;SSR4;COG7;MOGS;ALG9;DPM1;ALG6;PIGM;IL10;HLA-B;UBAC2;IL23R;MEFV;STAT4;C4A;IL12A;TLR4;CCR1;KLRC4;IL12A-AS1;ERAP1;C1R;SPP1;IRAK1;ADORA2A;BCHE;DHFR;SUGCT;MCOLN1;ACOX1;BCKDK;CASR;CPLX1;GNA11;TNK2;BRAT1;KCNQ2;GNAO1;PIGQ;SLC25A22;PIGP;KCNT1;SLC12A5;SCN1B;GABRG2;CPA6;GABRB3;CACNA1H;KCNMA1;STX1B;ADGRV1;DEPDC5;NPRL2;NPRL3;CHRNA4;CHRNA2;CHRNB2;CRH;LGI1;ABCC8;KCNJ11;CCDC88A;SLC25A12;YWHAG;UBA5;GRIN2D;TRAK1;SLC1A2;AP3B2;SCN3A;GABRB2;NUS1;CYFIP2;FGF12;SZT2;DHDDS;NECAP1;HCN1;KCNB1;DNM1;KCNA2;ARV1;CUX2;MAPK10;CHD2;SLC6A1;SLC1A1;KCNAB2;PRDM16;MEF2C;AKT1;SLC6A2
Rare immune disease	FCGR3B;STAT3;SH2D1A;XIAP;PRF1;STX11;UNC13D;STXBP2;LYST;AP3B1;BLOC1S6;RAB27A;WAS;WIPF1;FOXN1;DKC1;TERT;TERC;TINF2;NOP10;NHP2;USB1;WRAP53;CTC1;RTEL1;PARN;TTC7A;TCN2;EPG5;CCBE1;FAT4;ADAMTS3;ACD;STAT5B;RBCK1;RNF31;ORAI1;STIM1;IKZF1;POLE;IKBKG;SP110;SLC46A1;NFKBIA;SEMA3E;CHD7;TBX1;ARVCF;GP1BB;UFD1;COMT;HIRA;JMJD1C;RREB1;SEC24C;SPINK5;DSP;DSG1;PGM3;ATM;BLM;DNMT3B;ZBTB24;CDCA7;HELLS;NBN;MRE11;RAD50;RNF168;GINS1;MCM4;SMARCAL1;RMRP;KNSTRN;PIK3CD;RNU4ATAC;EXTL3;MYSM1;SAMHD1;RNASEH2A;RNASEH2B;RNASEH2C;ADAR;TREX1;IFIH1;IL10;IL10RA;IL10RB;ADA2;TMEM173;DDX58;POLA1;TTC37;SKIV2L;KRAS;NRAS;CASP8;CASP10;FAS;FASLG;PRKCD;RASGRP1;ITK;CD27;CTLA4;IL2RA;AIRE;ACP5;ITCH;FADD;STAT1;TPP2;FOXP3;CD19;ICOS;CR2;TNFRSF13C;MS4A1;CD81;TNFSF12;NFKB1;NFKB2;TNFRSF13B;IGHG2;IGKC;PMS2;MLH1;MSH2;MSH6;AICDA;UNG;TNFRSF11A;TRNT1;BTK;PTEN;PIK3R1;IGHM;IGLL1;LRRC8A;TCF3;CD79A;CD79B;BLNK;ELF4;NHEJ1;CD3G;CD8A;PNP;RAG1;RAG2;ZAP70;RFX5;RFXANK;RFXAP;CIITA;DOCK8;UNC119;MAGT1;STK4;IL21R;CARD11;MALT1;TRAC;LRBA;MAP3K14;DOCK2;TNFRSF4;MSN;IL21;TFRC;ADA;DCLRE1C;IL2RG;LIG4;IL7R;TAP2;TAP1;TAPBP;B2M;CD40LG;CD40;XRCC4;IKBKB;CTPS1;LCK;PRKDC;AK2;CD3D;CD3E;CD247;PTPRC;CORO1A;LAT;JAK3;RHOH;TMC6;TMC8;CXCR4;NKX2-5;RPSA;FCGR3A;IFNAR2;STAT2;MEFV;SH3BP2;MVK;IL1RN;PSMB8;EGFR;ADAM17;PLCG2;IL36RN;PSTPIP1;LPIN2;TNFRSF1A;NOD2;NLRP3;NLRC4;CLEC7A;IL17RA;IL17F;TRAF3IP2;IL17RC;MYD88;UNC93B1;TLR3;TICAM1;TRAF3;TBK1;CARD9;IRAK4;CYBB;IFNGR2;IFNGR1;IRF8;ISG15;IL12RB1;IL12B;RORC;TYK2;CSF2RB;CSF2RA;OAS1;GATA2;NCF1;NCF2;CYBA;NCF4;CEBPE;SMARCD2;MPO;RAC2;CTSC;SBDS;EFL1;SRP54;DNAJC21;FPR1;SLC35C1;FERMT3;ITGB2;ELANE;VPS13B;TAZ;VPS45;RBSN;LAMTOR2;SLC37A4;TCIRG1;GFI1;G6PC3;CSF3R;CXCR2;JAGN1;HAX1;CD59;CFD;CFI;CFH;CFP;SERPING1;C5;C6;C7;C8A;C8B;C8G;C9;C2;C4A;C4B;C1QA;C1QB;C1QC;C1S;C1R;C3;MASP2;FCN3
Rare genetic disease	IDH2;IDH1;NF2;PTCH1;SUFU;PTCH2;CDKN2A;TP53;MDM2;CHEK2;TEK;DKC1;TERT;TERC;TINF2;NOP10;NHP2;USB1;WRAP53;CTC1;RTEL1;PARN;PTH1R;RHBDF2;PMS2;MLH1;MSH2;MSH6;KEAP1;DICER1;CD19;ICOS;CR2;TNFRSF13C;MS4A1;CD81;PRKCD;TNFSF12;NFKB1;NFKB2;TNFRSF13B;PTEN;RAD51;BRCA1;BRCA2;BRIP1;MRE11;NBN;PALB2;BARD1;RAD51C;RAD50;RAD51D;NF1;RB1;MYCN;MITF;BAP1;ATR;SASH1;SPRTN;TNFRSF4;DDX41;ETV6;ANKRD26;RUNX1;SMARCB1;COQ6;LZTR1;HAX1;ATM;WAS;WIPF1;RRAS;PTPN11;BRAF;SOS1;KRAS;RAF1;NRAS;KAT6B;RIT1;A2ML1;RASA2;SOS2;FGFR3;FGFR2;TWIST1;STK11;BDNF;WT1;PAX6;GNAS;NHEJ1;RPL18;RPS27;RPL27;TSR2;RPL35;RPS19;RPS24;GATA1;RPS17;RPS7;RPL5;RPL11;RPL35A;RPS10;RPS26;RPL26;RPL15;RPS29;RPS28;BLM;HRAS;MAD2L2;XRCC2;RFWD3;ERCC4;FANCA;FANCB;FANCC;FANCD2;FANCE;FANCF;FANCG;FANCL;FANCM;FANCI;SLX4;UBE2T;NSD1;SETD2;APC2;TSC1;TSC2;GPC3;GPC4;WRN;TRIP13;BUB1B;CEP57;BUB1;BUB3;ERCC2;ERCC6;ERCC5;ERCC1;IGF2;H19;KCNQ1OT1;JAG1;NOTCH2;SETBP1;DDX11;XPA;ERCC3;XPC;DDB2;DIS3L2;FAH;RECQL4;CDKN1C;CBL;CREBBP;EP300;SBDS;EFL1;SRP54;DNAJC21;AXIN2;PCNA;PIK3CA;WNT10A;POLH;ERCC8;XRCC4;LIG4;SDHB;SDHD;SDHC;SEC23B;AKT1;KLLN;SH2D1A;XIAP;CASP8;CASP10;FAS;FASLG;RASGRP1;ITK;CD27;CTLA4;STAT3;VHL;OGG1;DIRC2;FLCN;RNF139;FHIT;HSPBAP1;DIRC3;FH;MET;CDC73;MEN1;CDKN1B;CDKN1A;CDKN2B;CDKN2C;RET;IPMK;ESR2;NTRK1;PMS1;TGFBR2;MLH3;EPCAM;FAN1;BMPR1A;SEMA4A;RPS20;RNF43;GREM1;MUTYH;APC;SMAD4;ENG;NTHL1;POLE;POLD1;MSH3;CEBPA;TGM6;GATA2;GJB2;MC1R;KRT4;KRT13;FGFR1;NOTCH3;PDGFRB;CDK4;CDKN2D;MGMT;POT1;ACD;TERF2IP;FGF23;GALNT3;KL;SAMD9;CYLD;COL1A1;PDGFB;TGFBR1;NEK9;ACTB;PITX2;TRIM28;REST;POU6F2;BCOR;YWHAE;NUTM2B;NUTM2E;IRX2;EXT1;EXT2;TBXT;MTAP;RAD54L;PPM1D;SLC22A18;KIF1B;MDH2;SDHA;SDHAF2;TMEM127;MAX;MINPP1;FOXE1;HABP2;PRKAR1A;MSMB;SRD5A2;RNASEL;ELAC2;EPHB2;HNF1B;HOXB13;MSR1;MYH8;CDH1;MAP3K6;CTNNA1;KIT;PDGFRA;SMARCA4;SRY;USP9Y;DAZ1;DAZ2;DAZ3;DAZ4;DDX3Y;RBMY1A1;TSPY1;COL4A6;COL4A5;MAMLD1;MTM1;AMMECR1;ACSL4;KCNE5;MECP2;FMR1;GPR101;STAG2;IQSEC2;SALL4;BMP2;TBX4;LHX1;KANSL1;PMP22;DEAF1;RAI1;FLII;HIC1;PAFAH1B1;ANKRD11;SH2B1;USP7;PKD1;HBA2;HBA1;FLI1;FGF3;FADD;ALX4;PHF21A;GATA3;WAC;HNRNPK;LMX1B;STXBP1;EHMT1;TRPS1;PUF60;ANK1;GATA4;RFC2;BAZ1B;TBL2;CLIP2;ELN;GTF2I;GTF2IRD1;LIMK1;FOXP2;SIM1;ARID1B;ERMARD;SEMA5A;CTNND2;NKX2-5;MEF2C;PURA;NSD2;NELFA;LETM1;FOXL2;PREPL;CAMKMT;SLC3A1;PPM1B;HDAC4;TBR1;SATB2;ZEB2;MBD5;RERE;GABRD;SKI;KCNAB2;PRDM16;DPYD;NFIA;HNRNPU;ZBTB18;MEG3;DLK1;RTL1;FOXG1;CHRNA7;MCTP2;MEIS2;CATSPER2;STRC;SIN3A;UBE3A;OCA2;DYRK1A;TBX1;ARVCF;GP1BB;UFD1;COMT;HIRA;JMJD1C;RREB1;SEC24C;BCR;MAPK1;CRKL;SHANK3;LEMD3;HMGA2;ERC1;SOX5;HYMAI;PLAGL1;SNRPN;MAGEL2;NDN;NFIX;NIPBL;LMNB1;COL3A1;ZMPSTE24;LMNA;BANF1;SLC25A24;PYCR1;ALDH18A1;IL36RN;AP1S3;SCN9A;MAPRE2;TUBB;FBN1;PSTPIP1;HGD;SLC39A4;PEPD;IDS;BTD;HLCS;ALAS2;FECH;UROS;HFE;UROD;PPOX;CPOX;HMBS;ALAD;ATP6V0A2;P4HA1;CHST14;DSE;PIGL;SRD5A3;ATP6V1E1;ATP6V1A;PSENEN;KRT5;POFUT1;POGLUT1;B4GALT7;B3GALT6;DOLK;COG7;MPDU1;PMM2;ST3GAL5;VEGFC;FLT4;GJC2;CCBE1;FAT4;ADAMTS3;KIF11;SOX18;IKBKG;FOXC2;RELN;MPI;GLA;FGD1;SOX9;DHH;NR0B1;NR5A1;DMRT1;CBX2;MAP3K1;KIF1A;ZNHIT3;CDC42;CCDC88A;ADGRE2;KITLG;SLC29A3;ADAM10;MAP2K2;SPRED1;GRHL2;RMI2;TOP3A;ADAR;ABCB6;PUS3;KRT14;MYO5A;FLNA;GNAQ;GNA11;POLA1;SOX10;SNAI2;EDNRB;PAX3;EDN3;EPG5;SLC24A5;TYR;LRMDA;SLC45A2;TYRP1;LYST;AP3B1;DTNBP1;BLOC1S3;HPS3;HPS5;HPS6;HPS1;HPS4;BLOC1S6;MLPH;RAB27A;ELP1;ANTXR2;SLCO2A1;HPGD;OSMR;IL31RA;ITPR2;ECM1;NOD2;ACVRL1;GDF2;SAMHD1;TREX1;TMEM173;AGGF1;RASA1;NOTCH1;ARHGAP31;DOCK6;RBPJ;EOGT;DLL4;PORCN;KCTD1;HCCS;COX7B;NDUFB11;BMS1;ABCC6;ENPP1;GGCX;GORAB;SLC2A10;RIN2;LTBP4;EFEMP2;ATP7A;FBLN5;SLC39A13;COL1A2;TNXB;PLOD1;COL5A1;ADAMTS2;FKBP14;C1S;C1R;ZNF469;PRDM5;COL5A2;EDA;EDA2R;DYNC2LI1;GLI1;EVC;EVC2;NSUN2;GJB6;COL11A1;SLC13A5;ROGDI;TP63;GJA1;RIPK4;TWIST2;MAP2K1;CDH3;IFT122;WDR35;IFT43;WDR19;IFT52;ANTXR1;ABCA5;PKP1;CTNND1;NECTIN4;MSX1;UBR1;OFD1;CTSC;PNPLA6;DLX3;PEX1;PEX6;RMRP;DSP;EDAR;EDARADD;TRAF6;KDF1;CYP26C1;KRT85;KRT74;HOXC13;MPLKIP;GTF2H5;RNF113A;GTF2E2;SOX3;NFKBIA;NECTIN1;ATP6V1B2;TBC1D24;FGF10;KRT17;KRT16;KRT6A;KRT6B;KCNH1;MAP3K20;PLCD1;FZD6;RSPO4;FGF5;BCS1L;KANK2;JUP;PADI3;TGM3;LPAR6;LIPH;KRT71;KRT25;KRT86;KRT83;KRT81;DSG4;INSR;ABCC9;SHH;HR;RBM28;MBTPS2;PPP1CB;SHOC2;ITGB6;AHSG;DSC3;EDNRA;EPS8L3;APCDD1;RPL21;SNRPE;CDSN;ST14;ZNF750;ATP2C1;MSMO1;AQP5;KRT1;KRT9;DSG1;SERPINB7;SLURP1;MT-TS1;NLRP1;SMARCAD1;KDSR;LOR;POMP;TRPV3;COG6;SNAP29;RSPO1;TAT;KRT6C;CAST;COL14A1;AAGAB;ATP2A2;VPS13A;EGFR;ADAM17;CTSB;SAT1;LRP1;FERMT1;LAMA3;COL17A1;ITGB4;ITGA3;ITGA6;LAMB3;LAMC2;PLEC;DST;EXPH5;KLHL24;COL7A1;MMP1;MVK;PMVK;SLC17A9;MVD;FDPS;AP1S1;CARD14;ELOVL4;GJB4;GJB3;STS;FLG2;CHST8;CSTA;TGM5;SULT2B1;SDR9C7;ABCA12;ALOX12B;ALOXE3;TGM1;CYP4F22;NIPAL4;LIPN;SERPINB8;PNPLA1;CERS3;KRT10;KRT2;NSDHL;EBP;SPINK5;CLDN1;PHYH;PEX7;ALDH3A2;PHGDH;PSAT1;SUMF1;VPS33B;VIPAS39;GBA;ADAMTS17;SLC27A4;ABHD5;FAM111B;ASAH1;ACVR1;CYP27A1;MFN2;CAVIN1;PPARG;BSCL2;AGPAT2;CAV1;FOS;PSMB8;PIK3R1;KCNJ6;PLIN1;LIPE;CIDEC;AKT2;LMNB2;CYBB;NCF1;NCF2;CYBA;NCF4;CLEC7A;IL17RA;IL17F;TRAF3IP2;IL17RC;RAG1;RAG2;TMC6;TMC8;SLC6A19;UVSSA;PRLR;CYP19A1;FSHB;ARMC5;STAR;CYP21A2;CYP17A1;AR;HSD17B3;LHB;LHCGR;DMPK;CNBP;ABCD1;DCAF17;BRCC3;SEMA3E;CHD7;HBB;SNORD115@;SNORD116@;RNF216;RAB3GAP1;RAB3GAP2;SMCHD1;BBS1;BBS10;BBS2;BBS4;BBS5;BBS7;BBS9;CEP290;TRIM32;TTC8;ARL6;MKKS;MKS1;NPHP1;BBS12;SDCCAG8;WDPCP;LZTFL1;IFT172;BBIP1;IFT27;C8ORF37;DMXL2;POLR3B;POLR1C;POLR3A;LEPR;LEP;PCSK1;PROP1;POU1F1;HESX1;OTX2;LHX4;GLI2;CCDC141;PROK2;PROKR2;ANOS1;KISS1R;NSMF;FGF8;WDR11;HS6ST1;SEMA3A;IL17RD;FGF17;DUSP6;SPRY4;FLRT3;FEZF1;DCC;TACR3;GNRHR;GNRH1;TAC3;KISS1;ADGRG2;CFTR;TGFB1;DCTN4;CLCA4;STX1A;DZIP1L;PKHD1;GANAB;PKD2;BICC1;AMH;AMHR2;DMRT3;WWOX;ZFPM2;VAMP7;GOPC;SPATA16;DPY19L2;PICK1;AURKC;NANOS1;TDRD9;TEX15;TAF4B;ZMYND15;TEX11;SYCP3;SOHLH1;SYCE1;MEIOB;KLHL10;DNAH1;PIH1D3;DNAJB13;TTC25;MCIDAS;DNAH11;DNAH5;DNAI1;NME8;DNAI2;DNAAF2;RSPH9;RSPH4A;DNAAF1;CCDC39;CCDC40;DNAL1;DNAAF3;CCDC103;DNAAF5;HYDIN;LRRC6;CCDC114;DRC1;ARMC4;DNAAF4;RSPH1;ZMYND10;CFAP298;CCDC65;SPAG1;CCNO;CCDC151;RSPH3;GAS8;RPGR;STK36;CFAP300;WDR66;CFAP43;CFAP44;AK7;CFAP69;SPAG17;CATSPER1;SLC26A8;SEPT12;ZP2;ZP3;ZP1;WEE2;PATL2;TUBB8;MRPS22;FSHR;BMP15;PSMC3IP;NUP107;SPIDR;ERAL1;HSD17B4;TWNK;HARS2;CLPP;LARS2;ESR1;GALT;DPM3;SLC35A1;DPM2;SLC35A2;CAD;TMEM199;CCDC115;PGM3;GNE;B4GALT1;DPM1;SLC35C1;COG4;COG1;COG5;COG2;COG8;PIGA;PIGV;PIGO;PGAP2;PGAP3;PIGW;PIGY;PIGT;PIGN;PGAP1;PIGG;PIGM;RFT1;ALG11;ALG13;PGM1;TMEM165;STT3A;STT3B;SSR4;SLC35A3;ALG2;DPAGT1;GFPT1;ALG14;GMPPB;DDOST;SLC39A8;MAN1B1;MOGS;MGAT2;ALG9;ALG1;ALG8;ALG12;ALG3;ALG6;B3GLCT;DLL3;MESP2;LFNG;HES7;RIPPLY2;FKTN;POMGNT1;POMT2;POMT1;FKRP;POMK;LARGE1;ISPD;B3GALNT2;COL4A1;DAG1;POMGNT2;RXYLT1;B4GAT1;CHST3;XYLT1;CHSY1;B3GAT3;SLC35D1;INPPL1;TPI1;GPI;GCK;ALDOB;FBP1;KHK;GALE;GALK1;PCK1;PCK2;PC;CA5A;GK;AGL;PYGM;PFKM;PYGL;PGK1;ALDOA;GYG1;GBE1;SLC2A2;LDHA;LDHB;GAA;RBCK1;PRKAG2;LAMP2;SLC37A4;G6PC;PGAM2;ENO3;GYS1;GYS2;PHKA1;PHKG1;PHKA2;PHKG2;PHKB;GLYCTK;AGXT;HOGA1;GRHPR;SLC16A1;SLC16A12;SI;LCT;TREH;SLC2A1;SLC5A2;SLC5A1;DCXR;SHPK;RPIA;TKT;TALDO1;TCN2;MTRR;CD320;GIF;MTR;ABCD4;HCFC1;MMADHC;AMN;CUBN;MMACHC;LMBRD1;MMAA;MMAB;TTPA;BCO1;PANK2;RBP4;MOCS1;MOCS2;GPHN;SLC52A1;PNPO;VKORC1;SLC19A3;SLC25A19;TPK1;SLC19A2;MTHFR;FOLR1;DHFR;FTCD;SLC46A1;ATP7B;SCO2;SLC30A9;TF;FTL;FTH1;CP;SLC11A2;SLC40A1;TFR2;BMP6;HAMP;HJV;FXYD2;CLDN19;CLDN16;KCNA1;TRPM6;EGF;CNNM2;SLC30A10;SLC39A14;UTP4;ABCC2;SLCO1B1;SLCO1B3;NR1H4;MYO5B;TJP2;UGT1A1;ATP8B1;ABCB11;ABCB4;BCAP31;PEX11B;PEX2;PEX10;PEX12;PEX13;PEX14;PEX16;PEX19;PEX26;PEX3;PEX5;CAT;AMACR;SUGCT;SCP2;ACOX1;EHHADH;AGPS;GNPAT;FAR1;CTSK;AP5Z1;CLN8;KCTD7;MFSD8;CLN6;CLN5;CTSD;PPT1;TPP1;CLN3;DNAJC5;GRN;ATP13A2;CTSF;PSAP;GALC;GBA2;ARSA;SMPD1;SCARB2;NPC1;NPC2;LIPA;GLB1;GM2A;HEXA;HEXB;GUSB;ARSB;GALNS;HYAL1;SGSH;NAGLU;HGSNAT;GNS;IDUA;SLC17A5;CTNS;AGA;MANBA;FUCA1;CTSA;MAN2B1;NAGA;NEU1;GNPTAB;MCOLN1;GNPTG;FMO3;ABAT;SARDH;DMGDH;SLC6A9;AMT;GCSH;GLDC;SLC1A4;PSPH;BCKDHA;BCKDHB;DBT;PPM1K;ALDH6A1;BCKDK;GSS;OPLAH;GCLC;GGT1;OAT;PRODH;ALDH4A1;HPD;TH;PAH;CBS;MAT1A;CTH;GNMT;ADK;AHCY;SUOX;UROC1;HAL;OCRL;SLC1A1;SLC7A7;GRM1;GRID2;SLC7A9;SLC6A20;SLC36A2;SLC6A18;OTC;ARG1;CPS1;ASL;SLC25A15;NAGS;GLUD1;ASS1;SLC25A13;TDO2;KYNU;AASS;DHTKD1;GLUL;GCDH;HSD17B10;ACY1;ASPA;SLC25A1;L2HGDH;D2HGDH;IVD;ACAT1;MCCC1;MCCC2;HMGCL;PCCA;PCCB;ACSF3;ACADSB;ACAD8;HIBCH;TAZ;SERAC1;CLPB;TIMM50;HTRA2;AUH;C19ORF70;OPA3;DNAJC19;MUT;MCEE;GPR143;ASNS;SERPINA1;BPGM;NGLY1;ARSE;MT-CO1;MT-CO3;LPIN1;AMPD1;AMPD3;PNP;ADSL;APRT;PRPS1;ATIC;DGUOK;UMOD;ITPA;ADA;MOCOS;XDH;HPRT1;UMPS;TK2;POLG;TYMP;RRM2B;UPB1;DPYS;NT5C3A;ALDH7A1;PLPBP;ALDH5A1;MAOA;SLC18A2;DBH;DDC;QDPR;GCH1;PTS;PCBD1;DNAJC12;SPR;ATAD1;GLRA1;GLRB;SLC6A5;BCHE;GAMT;GATM;SLC6A8;OXCT1;MLYCD;ACADL;CPT1A;SLC22A5;SLC25A20;CPT2;HADHA;HADHB;HMGCS2;HADH;ACADM;SLC25A32;FLAD1;ETFA;ETFB;ETFDH;ACADVL;ACADS;PDHX;PDHB;DLD;PDP1;DLAT;PDHA1;SLC25A4;AGK;SLC25A22;SIK1;GLRX5;SLC25A12;SLC25A26;SLC25A3;TIMM8A;MT-CYB;ABCB7;ATAD3A;MSTO1;ETHE1;LIAS;LIPT1;MECR;IBA57;ISCA2;NFU1;BOLA3;TMEM126B;TIMMDC1;MT-ND1;MT-ND2;MT-ND3;NDUFAF2;NDUFS1;NDUFS2;NDUFS3;NDUFS4;NDUFS6;NDUFS7;NDUFS8;NDUFV1;NDUFV2;NDUFA1;NDUFAF4;NDUFAF5;NDUFA11;NDUFAF3;NUBPL;FOXRED1;NDUFAF1;NDUFB9;NDUFB3;NDUFB10;MT-ATP6;MT-ATP8;ATPAF2;ATP5F1E;ATP5F1A;ATPAF1;ATP5F1D;COX10;MT-CO2;COX6B1;COX14;COX20;COA3;COX8A;PET117;COX5A;SDHAF1;UQCRQ;UQCRB;TTC19;UQCRC2;CYC1;LYRM7;UQCC2;UQCC3;MT-TL1;MT-TL2;MT-TN;RNASEH1;MT-TQ;MT-ND4;MT-ND5;MT-ND6;MT-TW;MT-TH;MT-TS2;MT-TF;MT-TP;MT-TK;MT-RNR1;MT-ND4L;TRMU;MT-TV;MT-TE;TFB1M;MT-TT;COX4I2;SCO1;COX15;COA5;COA6;DNM1L;GFER;SURF1;COX6A1;MFF;MIPEP;NDUFA13;NDUFAF6;TACO1;NDUFA2;NDUFA10;NDUFA9;MTFMT;PET100;NDUFA4;ECHS1;NDUFA12;COQ2;PDSS2;NDUFB8;LRPPRC;FASTKD2;TMEM126A;CHCHD10;SFXN4;APOPT1;OPA1;TMEM70;LYRM4;NFS1;ISCU;ACAD9;MGME1;POLG2;DNA2;AFG3L2;MPV17;SUCLA2;SUCLG1;FBXL4;APTX;COQ8A;PDSS1;COQ9;COQ4;RARS2;TSFM;PUS1;YARS2;GFM1;DARS2;TUFM;MRPS16;MTPAP;AIFM1;RMND1;FARS2;MRPL3;PNPT1;AARS2;MTO1;SARS2;MRPL44;MARS2;EARS2;MRPS7;IARS2;GTPBP3;NARS2;VARS2;TARS2;TXN2;TRMT10C;TRMT5;CARS2;SPG7;C12ORF65;OGDH;ACO2;PKLR;MPC1;LBR;DHCR7;DHCR24;SC5D;CYP7A1;SLC27A5;EPHX1;BAAT;HSD3B7;CYP7B1;AKR1D1;SGPL1;FA2H;ELOVL5;CERS1;NADK2;SELENOI;PLA2G6;ABHD12;ATL1;SPTLC1;SPTLC2;ATL3;CHKB;PNPLA2;APOE;LIPC;APOC3;CETP;LPL;APOC2;GPIHBP1;LMF1;APOA5;CREB3L3;ABCG5;ABCG8;APOB;LDLR;LDLRAP1;PCSK9;APOA1;ABCA1;LCAT;MTTP;SAR1B;CASR;PRSS1;SPINK1;PRSS2;CTRC;CPA1;PALLD;PTRH2;IL10;IL10RA;IL10RB;PLA2G4A;SGO1;IL21;ECE1;GDNF;NRTN;SEMA3C;SEMA3D;ACTG2;LMOD1;MYH11;MYLK;PHOX2B;GUCY2C;ACTA2;KIF1BP;ASCL1;STX3;NEUROG3;TMPRSS15;SLC26A3;SPINT2;SLC9A3;ITCH;PLVAP;DGAT1;TTC37;SKIV2L;CLMP;GUCY1A1;PER3;CSNK1D;PER2;OCLN;KANK1;GAD1;ADD3;USP18;HOXA1;SCN10A;SCN11A;RANBP2;FXN;SLC33A1;XK;WDR45;C19ORF12;COASY;TBCE;RNASEH2A;RNASEH2B;RNASEH2C;IFIH1;EIF2B1;EIF2B2;EIF2B3;EIF2B4;EIF2B5;TUBB4A;UFM1;TREM2;TYROBP;AIMP1;HSPD1;PLP1;MLC1;HEPACAM;GFAP;DARS;CLCN2;CSF1R;VPS11;RARS;ACER3;FAM126A;RNASET2;SLC7A2-IT1;HIKESHI;MYO1H;NTNG1;CDKL5;GABBR2;HERC2;AUTS2;NACC1;PRNP;SLC20A2;XPR1;APP;CST3;HTT;SLC2A3;ABCA7;PSEN1;PSEN2;SORL1;TOMM40;DNMT1;C9ORF72;SNCA;LRRK2;EIF4G1;VPS35;DNAJC13;GIGYF2;PRKAR1B;ITM2B;JPH3;SPTBN2;ANO10;STUB1;SYNE1;RUBCN;TDP2;PMPCA;VLDLR;WDR81;CA8;ATP8A2;TUBB2B;CWF19L1;RNU12;ZNF592;WDR73;ATCAY;CC2D2A;TMEM216;TMEM237;TMEM138;ZNF423;TMEM231;CEP120;PIBF1;TCTN2;AHI1;TMEM67;ARL13B;INPP5E;TCTN1;B9D1;CEP41;CPLANE1;CSPP1;KIAA0586;CEP104;KIAA0556;ARMC9;HYLS1;ARL3;RPGRIP1L;KIF7;TCTN3;PDE6D;KIAA0753;RNF168;SETX;PIK3R5;TDP1;SYT14;PNKP;SCYL1;SLC52A2;SIL1;INPP5K;CTDP1;FLVCR1;NOP56;SCA32;ATXN3;ITPR1;ATP1A3;CAMTA1;DAB1;SCA37;CCDC88C;MME;FGF14;PRKCG;PLEKHG4;ATXN8;ATXN8OS;TBP;PPP2R2B;KCND3;IFRD1;TMEM240;KCNC3;ATXN1;ATXN2;SCA25;SCA20;PDYN;ATN1;ATXN10;SCA30;BEAN1;TRPC3;CACNA1G;TTBK2;CACNA1A;EEF2;ATXN7;VCP;TARDBP;FUS;SQSTM1;TBK1;MAPT;HNRNPA2B1;HNRNPA1;TMEM106B;CHMP2B;HTRA1;CD59;GAN;TRPA1;MPZ;GNB4;INF2;DNM2;YARS;KARS;GDAP1;PLEKHG5;PRX;EGR2;FIG4;SBF1;MTMR2;SBF2;NDRG1;SH3TC2;FGD4;HK1;ARHGEF10;NEFL;LITAF;HINT1;LRSAM1;SPG11;TRIM2;IGHMBP2;DNAJB2;VRK1;MED25;TFG;SLC25A46;AARS;KIF5A;DYNC1H1;MORC2;DCAF8;MARS;HARS;DGAT2;ATP1A1;HSPB1;HSPB8;RAB7A;TRPV4;GARS;FLRT1;KLC2;PDK3;GJB1;WNK1;RETREG1;CCT5;TECPR2;CLTCL1;NGF;KLHL7;CRLF1;CLCF1;SIGMAR1;HSPB3;FBXO38;REEP1;DCTN1;SLC5A7;MYH14;UBA1;LAS1L;TRAPPC11;AAAS;GMPPA;EMILIN1;GSN;TTR;EIF2S3;CHAT;AGRN;SNAP25;SYT2;MYO9A;VAMP1;SLC18A3;COL13A1;RAPSN;SCN4A;CHRNA1;CHRNB1;CHRND;CHRNE;DOK7;MUSK;LRP4;AK9;COLQ;LAMB2;ZC4H2;CASQ1;CRYAB;KLHL9;TIA1;MATR3;TTN;CAV3;FLNC;MYH7;LDB3;MYOT;DES;DYSF;NEB;ANO5;ADSSL1;CACNA1S;KCNE3;KCNJ2;KCNJ5;DUX4;DUX4L1;FRG1;HSPG2;COL6A1;COL6A2;COL6A3;COL12A1;FHL1;PABPN1;ACTA1;VMA21;PHOX2A;KIF21A;TUBB3;TMEM43;SYNE2;EMD;TNPO3;HNRNPDL;DNAJB6;SGCA;CAPN3;LIMS2;TOR1AIP1;SGCG;SGCD;SGCB;BVES;TCAP;DMD;LAMA2;TRIP4;ITGA7;SELENON;MICU1;ATP2A1;BAG3;KY;TPM3;KLHL40;KLHL41;LMOD3;CFL2;TPM2;MYPN;KBTBD13;TNNT1;MYH2;STAC3;MYL2;HACD1;MYMK;ORAI1;STIM1;CNTN1;RYR1;MYO18B;CCDC174;MEGF10;SPEG;BIN1;MYF6;MTMR14;CCDC78;GABRA3;KCNJ18;CLCN1;ALS2;ERLIN2;ASCC1;SMN2;NAIP;SMN1;VAPB;BICD2;SLC52A3;SLC12A6;TSEN15;TSEN54;TSEN34;TSEN2;SEPSECS;EXOSC3;EXOSC8;EXOSC9;TAF1A;NEBL;PPCS;ACTC1;SCN5A;TNNI3;TNNT2;TPM1;CSRP3;DSG2;MYBPC3;MYH6;TMPO;TNNC1;VCL;ACTN2;FHL2;PLN;RBM20;NEXN;TXNRD2;GATAD1;LAMA4;ANKRD1;ARHGEF9;DNAL4;NTN1;FBXO7;PINK1;UCHL1;PODXL;PRKN;PARK7;VPS13C;DNAJC6;RAB39B;PRKRA;PDE8B;SLC6A3;ATP6AP2;SYNJ1;TAF1;UBTF;NUP62;SYT1;EPM2A;NHLRC1;CSTB;PRICKLE1;PRDM8;GOSR2;PRICKLE2;KCNC1;SERPINI1;ICK;CACNB4;EFHC1;GABRA1;KCNQ3;JRK;NOL3;SGCE;TOR1A;DRD2;DYT15;KCTD17;SAMD12;CNTN2;ADRA2B;SLC6A17;NKX2-1;ADCY5;PDE10A;VAC14;PRRT2;SCN8A;PNKD;ARX;GNAL;DYT17;CIZ1;ANO3;HPCA;DYT13;DYT21;THAP1;TMPRSS4;NALCN;UNC80;PRF1;TBCD;TANGO2;SPG34;ERLIN1;ZFR;REEP2;DDHD1;SPG24;SPG37;SPG41;CPT1C;SPG19;RTN2;SPG38;SPG36;KIDINS220;SPG29;SPG32;DDHD2;VPS37A;AP4M1;AP4E1;AP4B1;AP4S1;HACE1;MAG;ARL6IP1;WDR48;USP8;AMPD2;ENTPD1;ARSI;KIF1C;GPT2;CAPN1;SPART;ZFYVE26;SPG25;B4GALNT1;DSTYK;SPG23;SPG21;L1CAM;WASHC5;NIPA1;SPAST;NT5C2;CYP2U1;SPG14;SPG27;SLC16A2;SPG16;SCN1A;ATP1A2;CEP55;TMEM107;RPGRIP1;B9D2;ROBO3;VPS53;TUBA8;SOX2;ARNT2;FLVCR2;JAM3;IER3IP1;CENPF;SON;TRAPPC12;PLAT;CASK;OPHN1;AP1S2;LAMA1;GPSM2;RPL10;PPP2R1A;FRMD4A;TUBA1A;KPNA7;SNX14;KIF14;NDE1;BRF1;EMC1;PTF1A;CCDC22;NPHP3;KATNB1;RAB18;TBC1D20;ACTG1;DCX;LAMB1;GLI3;DISC1;EOMES;C12ORF57;DDX3X;IGBP1;PIK3R2;CCND2;AKT3;EMG1;STAMBP;RBBP8;MED17;QARS;PPP1R15B;TRMT10A;C2CD3;PYCR2;DIAPH1;CENPJ;PCNT;CEP152;ATRIP;TRAIP;PLK4;CENPE;ORC4;ORC6;CDT1;CDC6;ORC1;GMNN;CDC45;RNU4ATAC;ZNF335;NIN;LARP7;RTTN;MPDZ;PLXND1;REV3L;COL25A1;CHN1;MAFB;HOXB1;CHMP1A;TOE1;CLP1;PCLO;ZIC4;ZIC1;CIT;NCAPD3;COPB2;TAF13;CDK5RAP2;ASPM;MCPH1;STIL;WDR62;CEP63;CEP135;KNL1;PHC1;CDK6;SASS6;MFSD2A;ANKLE2;DPP6;TBC1D7;LAMC3;ARFGEF2;NEDD4L;TMTC3;MAP1B;EML1;GRIN1;SRPX2;ADGRG1;PI4KA;SIX3;TGIF1;ZIC2;TDGF1;FOXH1;DISP1;CDON;NODAL;DLL1;GAS1;EMX2;COL4A2;VANGL1;FUZ;DKK1;VANGL2;DACT1;MTHFD1;NDP;IGFBP7;CTNNB1;FZD4;LRP5;TSPAN12;ZNF408;STN1;CCM2;KRIT1;PDCD10;ANGPTL6;TGFBR3;ADAMTSL1;GLMN;KCNJ10;DNAJC3;SLC1A3;ATP2B3;SLC9A6;SACS;SAMD9L;CLTC;CHAMP1;HIVEP2;KDM5B;SET;RAB11A;PPP3CA;KCNQ5;ZMYND11;CIC;CSNK2B;TCF4;SYNGAP1;KIRREL3;DOCK8;GRIN2B;CDH15;CACNG2;EPB41L1;EEF1A2;CAMK2A;CAMK2B;PHF6;CXORF56;RPS6KA3;FTSJ1;GDI1;MED12;UPF3B;AGTR2;ZNF41;DLG3;IL1RAPL1;PAK3;TSPAN7;ARHGEF6;ZNF81;SYP;ZNF711;MID2;PTCHD1;USP9X;CNKSR2;FRMPD4;USP27X;CLCN4;CNTNAP2;NRXN1;CPLX1;DOCK7;TNK2;BRAT1;KCNQ2;OTUD6B;STRADA;GNB1;DCPS;CRBN;MED13L;TUSC3;TECR;GRIK2;WASHC4;TRAPPC9;PRSS12;MED23;ST3GAL3;CRADD;ZC3H14;LINS1;METTL23;CLIP1;FBXO31;NDST1;FMN2;EDC3;HNMT;EZR;LMAN2L;TNIK;PIGC;SLC45A1;FRRS1L;MBOAT7;C12ORF4;SARS;CC2D1A;WARS2;KDM5C;SYN1;SCN2A;GNAO1;PIGQ;PIGP;PLCB1;KCNT1;SLC12A5;SCN1B;GABRG2;PCDH19;CPA6;GRIN2A;GABRB3;CACNA1H;KCNMA1;STX1B;ADGRV1;DEPDC5;NPRL2;NPRL3;CHRNA4;CHRNA2;CHRNB2;CRH;LGI1;NTRK2;SPTAN1;GUF1;CNPY3;ABCC8;KCNJ11;YWHAG;UBA5;GRIN2D;TRAK1;SLC1A2;AP3B2;SCN3A;GABRB2;NUS1;CYFIP2;FGF12;SZT2;DHDDS;NECAP1;HCN1;KCNB1;DNM1;KCNA2;ARV1;CUX2;MAPK10;CHD2;SLC6A1;ADORA2A;CWC27;KCNK9;SMC1A;SMC3;HDAC8;RAD21;KMT2A;SETD5;ARID2;ARID1A;SMARCE1;SOX11;DPF2;VPS13B;EED;EZH2;SUZ12;YAP1;CD96;PRRX1;CDH11;TGDS;SF3B4;OSGEP;TP53RK;TPRKB;LAGE3;WDR4;SRCAP;KMT2D;KDM6A;RAP1A;RAP1B;PIEZO2;UBE3B;NEK1;PTDSS1;KMT2C;ZBTB20;DDX59;CKAP2L;SMARCA2;PACS1;GATAD2B;CTCF;ADAT3;THOC6;ANK3;ASXL3;COLEC10;MASP1;COLEC11;PRMT7;DPH1;MTOR;PPP2R5D;RSPRY1;HERC1;SPATA5;KAT6A;POGZ;NR2F1;FBLN1;DNMT3A;ADNP;ATP10A;FOXP1;TTI2;TAF2;KPTN;RDH11;PDE4D;AFF4;AHDC1;VPS33A;EXTL3;MYSM1;YY1;RAC1;FIBP;STAG1;KDM1A;TRIO;TELO2;TBCK;TBL1XR1;SLC26A2;FLNB;EFTUD2;PLAA;MGP;WDR26;ASXL1;HDAC6;UBE2A;POU3F4;NAA10;NHS;ZDHHC9;EFNB1;MAP3K7;SMS;CLIC2;GRIA3;MID1;SPECC1L;THOC2;NONO;NEXMIF;PHF8;SHROOM4;CUL4B;HUWE1;PQBP1;OPA2;AFF2;FMR3;ATRX;SLC6A2;HNF4A;UCP2;HNF1A;MCM9;WNT4;NR3C1;HSD3B2;CYP11B1;POR;AKR1C2;AKR1C4;CYB5A;CYP11A1;TSPYL1;HHAT;AIRE;IGFALS;GHR;STAT5B;IGF1;IGF1R;LHX3;TRH;IGSF1;TSHB;TRHR;SLC26A4;TSHR;PAX8;SLC5A5;TPO;DUOX2;DUOXA2;TG;IYD;SECISBP2;THRB;THRA;FOXI1;TBX19;GH1;GHRHR;RNPC3;GHSR;ROBO1;GPR161;FOXC1;NSMCE2;MKRN3;STAT1;LRBA;FOXP3;AVP;BTNL2;HLA-DRB1;SLC11A1;CDH23;AIP;WFS1;CISD2;ALMS1;EIF2AK3;GATA6;CEL;KLF11;NEUROD1;PDX1;INS;PAX4;BLK;APPL1;ZFP57;SERPINA6;PDE11A;PRKACA;HSD11B2;CYP11B2;CACNA1D;H6PD;HSD11B1;MC2R;MRAP;NNT;CYP24A1;SLC34A1;AP2S1;SLC34A3;DMP1;PHEX;CLCN5;CYP27B1;CYP2R1;VDR;GCM2;PTH;FAM111A;STX16;MEGF8;RAB23;CEP19;POMC;MC4R;BLVRA;SP110;LARS;NEK8;GPD1;NBAS;SH2B3;PRKCSH;SEC63;DCDC2;CYP51A1;BMPR2;SMAD9;KCNK3;EIF2AK4;SCNN1A;SCNN1B;SCNN1G;SLC34A2;FOXF1;SFTPC;COPA;CSF2RB;CSF2RA;OAS1;SFTPB;ABCA3;STRA6;RARB;ROBO2;SOX17;TBX22;HOXA13;TENM1;CNGA2;COL11A2;SALL1;SIX1;EYA1;SIX5;TCOF1;POLR1D;MYH9;FRAS1;FREM2;GRIP1;POLR1A;TXNL4A;SLC4A11;NOG;HOXA2;COL9A1;COL9A2;COL9A3;GDF5;FGF9;MYO6;CEP78;CLRN1;USH2A;MYO7A;WHRN;PDZD7;USH1K;USH1C;USH1G;PCDH15;USH1E;USH1H;CIB2;SLITRK6;PLOD3;CD151;SLC9A1;ATP6V0A4;ATP6V1B1;GSC;HYAL2;EXOSC2;GPRASP2;DLX5;BSND;CLCNKB;CLCNKA;HAAO;COL4A3;COL4A4;COL2A1;KCNE1;KCNQ1;TSHZ1;FREM1;IGSF3;PTPN14;ALB;EPOR;EPO;EGLN1;EPAS1;ADAMTS13;VWF;F5;FGA;FGB;FGG;F13A1;F13B;SERPINF2;F11;THBD;KLKB1;KNG1;SERPINE1;MCFD2;LMAN1;F8;F9;F7;F2;F10;THPO;JAK2;MPL;F12;PROS1;HRG;PROC;SERPINC1;MASTL;CYCS;TBXA2R;SLFN14;GP1BA;GP9;GFI1B;TPM4;ITGA2B;ITGB3;TUBB1;ACTN1;PRKACG;PLAU;NBEAL2;RBM8A;SRC;MECOM;HOXA11;ANO6;RASGRP2;P2RY12;GP6;TMPRSS6;STEAP3;CYB5R3;HBG2;BCL11A;HBG1;KLF1;HBD;LPIN2;CDAN1;C15ORF41;KIF23;SLC25A38;HSPA9;TRNT1;DGKE;CFB;CFH;C3;CD46;CFI;CFHR4;CFHR1;CFHR3;CFHR5;SLC4A1;SPTA1;SPTB;EPB42;EPB41;GYPC;RHAG;PIEZO1;KCNN4;RHCE;RHD;GSR;G6PD;AK1;SRP72;ERCC6L2;IFNG;TET2;CALR;AFP;LIPT2;GINGF2;FAM83H;SLC24A4;AMTN;ACP4;ENAM;AMBN;GPR68;AMELX;KLK4;MMP20;WDR72;ODAPH;SUMO1;IRF6;PAX9;TGFA;LRP6;WNT10B;DSPP;SMOC2;SSUH2;VPS4B;PLOD2;FKBP10;P3H1;CRTAP;CREB3L1;PPIB;SERPINH1;SERPINF1;WNT1;BMP1;TMEM38B;SP7;SPARC;SMARCAL1;MNX1;TMCO1;SNRPB;TBX6;GDF3;MEOX1;GDF6;NPR2;BMPER;KCNJ8;ZSWIM6;ALX1;ALX3;SIX2;GNAI3;PLCB4;EDN1;IFT57;PITX1;ERF;SMO;MSX2;CYP26B1;IL11RA;ZNF462;TCF12;ZNF141;IQCE;LMBR1;BHLHA9;FGF16;HOXD13;TBX5;ESCO2;BMPR1B;TBX3;WNT7A;RSPO2;WNT3;KNSTRN;PIK3CD;TBX15;DHODH;CCNQ;PDE3A;MIR17HG;ROR2;PTHLH;IHH;DLX6;EPS15L1;SEM1;BTRC;ACAN;UFSP2;COMP;MATN3;IFT140;IFT80;DYNC2H1;TTC21B;WDR60;WDR34;TRAF3IP1;MMP13;MMP9;COL10A1;RUNX2;LIFR;SHOX;NXN;DVL3;WNT5A;DVL1;FZD2;MAB21L2;GPC6;LTBP3;ADAMTSL2;ADAMTS10;LTBP2;MYH3;PAM16;TRIP11;GPX4;PAPSS2;CANT1;IMPAD1;COL27A1;KIF22;CUL7;OBSL1;CCDC8;POC1A;MMP2;MMP14;TNFRSF11A;ANKH;ALPL;SLC9A3R1
Rare allergic disease	ADGRE2;F12;SERPING1;XPNPEP2
Rare infertility	ADGRG2;CFTR;TGFB1;DCTN4;CLCA4;STX1A;DZIP1L;PKHD1;GANAB;PKD1;PKD2;BICC1;SLC11A1;AMH;AMHR2;SRY;WT1;DMRT3;SOX9;WWOX;ZFPM2;GATA4;NR0B1;NR5A1;MAP3K1;VAMP7;SOX3;MPLKIP;ERCC2;GTF2H5;ERCC3;RNF113A;GTF2E2;USP9Y;DAZ1;DAZ2;DAZ3;DAZ4;DDX3Y;RBMY1A1;TSPY1;GOPC;SPATA16;DPY19L2;PICK1;AURKC;NANOS1;TDRD9;FANCM;TEX15;TAF4B;ZMYND15;TEX11;SYCP3;SOHLH1;XRCC2;SYCE1;MEIOB;KLHL10;DNAH1;PIH1D3;DNAJB13;TTC25;MCIDAS;OFD1;DNAH11;DNAH5;DNAI1;NME8;DNAI2;DNAAF2;RSPH9;RSPH4A;DNAAF1;CCDC39;CCDC40;DNAL1;DNAAF3;CCDC103;DNAAF5;HYDIN;LRRC6;CCDC114;DRC1;ARMC4;DNAAF4;RSPH1;ZMYND10;CFAP298;CCDC65;SPAG1;CCNO;CCDC151;RSPH3;GAS8;RPGR;STK36;CFAP300;WDR66;CFAP43;CFAP44;AK7;CFAP69;SPAG17;CATSPER1;SLC26A8;SEPT12;CATSPER2;STRC;CDH23;MEN1;AIP;PRLR;CYP19A1;AR;HSD17B3;SRD5A2;LHB;LHCGR;DMPK;RRAS;PTPN11;BRAF;SOS1;KRAS;RAF1;NRAS;KAT6B;RIT1;LZTR1;A2ML1;RASA2;SOS2;CNBP;ABCD1;LMNA;DCAF17;BRCC3;GNAS;ARMC5;STAR;CYP21A2;CYP17A1;PRKAR1A;PDE11A;PDE8B;PRKACA;TP53;USP8;SEMA3E;CHD7;HBB;PNPLA6;SNRPN;SNORD115@;MAGEL2;NDN;SNORD116@;SIM1;RNF216;RAB3GAP1;RAB3GAP2;RBM28;SMCHD1;BBS1;BBS10;BBS2;BBS4;BBS5;BBS7;BBS9;CEP290;TRIM32;TTC8;ARL6;MKKS;MKS1;NPHP1;BBS12;SDCCAG8;WDPCP;LZTFL1;IFT172;BBIP1;IFT27;C8ORF37;DMXL2;POLR3B;POLR1C;POLR3A;OCA2;LEPR;LEP;PCSK1;PROP1;POU1F1;HESX1;OTX2;LHX4;GLI2;CCDC141;PROK2;PROKR2;SOX10;FGFR1;ANOS1;KISS1R;NSMF;FGF8;WDR11;HS6ST1;SEMA3A;IL17RD;FGF17;DUSP6;SPRY4;FLRT3;FEZF1;DCC;TACR3;GNRHR;GNRH1;TAC3;KISS1;FSHB;ZP2;ZP3;ZP1;WEE2;PATL2;TUBB8;GPR101;ESR1;INSR;FOXL2;AIRE;GALT;MRPS22;FSHR;BMP15;PSMC3IP;NUP107;SPIDR;ERAL1;HSD17B4;TWNK;HARS2;CLPP;LARS2
Rare otorhinolaryngologic disease	COL11A2;MT-TQ;MT-CO1;MT-CO2;MT-CO3;MT-ND1;MT-ND4;MT-ND5;MT-ND6;MT-TL1;MT-TW;MT-TH;MT-TS1;MT-TS2;MT-TF;MT-ATP8;RRM2B;SOX10;POU3F4;SEMA3E;CHD7;TBX1;ARVCF;GP1BB;UFD1;COMT;HIRA;JMJD1C;RREB1;SEC24C;NSD2;NELFA;LETM1;NDP;NF2;KITLG;SNAI2;MITF;EDNRB;PAX3;SALL1;DACT1;SIX1;EYA1;SIX5;TCOF1;POLR1D;POLR1C;SLC29A3;SLC26A4;KCNJ10;FOXI1;GJB2;GJB6;AP1S1;ABHD12;WFS1;CISD2;EDN3;MYH9;PTPN11;BRAF;RAF1;FRAS1;FREM2;GRIP1;ALMS1;PRPS1;POLR1A;TXNL4A;SLC4A11;ERCC2;ERCC6;ERCC5;ERCC1;GJB3;NOG;HOXA2;GATA3;COL11A1;COL9A1;COL9A2;COL9A3;OFD1;TMEM216;KIF7;CPLANE1;TCTN3;PDE6D;KIAA0753;NEK1;ERAL1;HSD17B4;TWNK;HARS2;CLPP;LARS2;COQ6;PEX1;PEX6;THRB;GATA2;MAP3K7;GDF5;FGF9;ATP1A3;ERCC4;ERCC3;MYO6;CEP78;CLRN1;HARS;USH2A;ADGRV1;MYO7A;WHRN;PDZD7;USH1K;CDH23;USH1C;USH1G;PCDH15;USH1E;USH1H;CIB2;LHX3;GFER;RNASEH1;CACNA1D;BCAP31;SLITRK6;POLD1;SERAC1;GPSM2;DNMT1;PLOD3;CD151;PTRH2;SLC9A1;MARS2;SPATA5;MRPS7;MT-TE;MT-TK;ATP6V0A4;ATP6V1B1;MYH14;GSC;IARS2;PCNA;EDNRA;DNAJC3;HYAL2;EXOSC2;DIAPH1;GPRASP2;TRAPPC12;MAP3K20;DLX5;HOXA1;ACTB;TIMM8A;SLC19A2;FGF3;BSND;CLCNKB;CLCNKA;ERCC8;ADAMTSL1;KYNU;HAAO;COL4A3;COL4A4;COL4A5;PMP22;COL2A1;FLNA;KCNE1;KCNQ1;SLC52A3;SLC52A2;CATSPER2;STRC;RFT1;COG1;PIGL;CHSY1;PDK3;AIFM1;GJB1;ATP6V1B2;TBC1D24;NFKBIA;TNFRSF10B;PTEN;ING1;DHODH;AKT1;SOX9;GNAQ;GPC3;GPC4;IRF6;GRHL3;TP63;PIEZO2;SCARF2;PIK3CA;CDKN1C;H19;KCNQ1OT1;IGF2;NSD1;DDX59;C2CD3;IFT57;RIPK4;RBM10;FGFR2;SMC1A;NIPBL;SMC3;HDAC8;RAD21;KMT2A;SETD5;FLNB;SLC26A2;SF3B4;PAH;CEP55;TMEM107;RPGRIP1;CEP290;TMEM67;MKS1;RPGRIP1L;CC2D2A;WDPCP;TCTN2;B9D1;B9D2;TMEM231;CSPP1;RPL18;RPS27;RPL27;TSR2;RPL35;RPS19;RPS24;GATA1;RPS17;RPS7;RPL5;RPL11;RPL35A;RPS10;RPS26;RPL26;RPL15;RPS29;RPS28;STAC3;YAP1;ESCO2;MYMK;TWIST2;TBX22;TFAP2A;FOXE1;TGDS;FGFR1;CTNND1;CDH1;HYLS1;RECQL4;EIF4A3;WNT7A;BHLHA9;KIF15;DDX3X;NECTIN1;ALX1;KDM1A;KIF1BP;EFTUD2;PRKAR1A;PDE4D;GNAI3;PLCB4;EDN1;TSHZ1;FGF10;FGFR3;FREM1;IGSF3;PTPN14
Rare skin disease	AQP5;KRT1;KRT9;KRT16;DSG1;SERPINB7;SLURP1;GJB2;GJB6;GJA1;MT-TS1;NLRP1;SMARCAD1;KRT83;KDSR;LOR;KRT14;POMP;MBTPS2;TRPV3;CTSC;WNT10A;COG6;DSP;SASH1;SNAP29;JUP;RSPO1;RHBDF2;KRT17;KRT6A;KRT6B;KANK2;GRHL2;TAT;KRT6C;ENPP1;CAST;COL14A1;AAGAB;ATP2A2;IL36RN;AP1S3;ZNF750;VPS13A;ATP2C1;EGFR;ADAM17;CFTR;FLNA;MSMO1;CTSB;FGFR3;SAT1;LRP1;MVK;PMVK;SLC17A9;MVD;FDPS;AP1S1;CARD14;ELOVL4;GJB4;GJB3;STS;FLG2;CHST8;CDSN;CSTA;TGM5;SULT2B1;SDR9C7;ABCA12;ALOX12B;ALOXE3;TGM1;CYP4F22;NIPAL4;LIPN;SERPINB8;PNPLA1;CERS3;KRT10;KRT2;NSDHL;EBP;SPINK5;CLDN1;MPLKIP;ERCC2;GTF2H5;ERCC3;RNF113A;GTF2E2;ST14;PHYH;PEX7;ALDH3A2;PHGDH;PSAT1;SUMF1;VPS33B;VIPAS39;GBA;ADAMTS17;SLC27A4;DOLK;ABHD5;FERMT1;LAMA3;COL17A1;ITGB4;ITGA3;ITGA6;LAMB3;LAMC2;PLEC;KRT5;DST;EXPH5;KLHL24;PKP1;COL7A1;MMP1;HLA-DRA;DKC1;TERT;TERC;TINF2;NOP10;NHP2;USB1;WRAP53;CTC1;RTEL1;PARN;WRN;RECQL4;FAM111B;ERCC6;ERCC5;ERCC1;COL3A1;ZMPSTE24;LMNA;BANF1;SLC25A24;ERCC4;POLD1;PDGFRB;PYCR1;PCNA;ALDH18A1;ERCC8;PTCH1;SUFU;PTCH2;MLH1;MSH2;MSH6;TSC1;TSC2;MAP2K2;NF1;PIK3CA;NOTCH3;CDK4;CDKN2A;MITF;MC1R;BAP1;CDKN2B;CDKN2D;MGMT;POT1;ACD;TERF2IP;FGF23;GALNT3;KL;SAMD9;CYLD;FH;FLCN;COL1A1;PDGFB;TGFBR1;CTNNB1;APC;CTLA4;TNFRSF1B;CD28;TYK2;NPM1;PTEN;SDHB;SDHD;SDHC;SEC23B;AKT1;KLLN;NRAS;HRAS;KRAS;KRT4;KRT13;MME;NEK9;ACTB;SCN9A;MAPRE2;TUBB;FBN1;PSTPIP1;HGD;SLC39A4;PEPD;IDS;BTD;HLCS;ALAS2;FECH;UROS;GATA1;HFE;UROD;PPOX;CPOX;HMBS;ALAD;ATP6V0A2;P4HA1;CHST14;DSE;PIGL;SRD5A3;ATP6V1E1;ATP6V1A;PSENEN;POFUT1;POGLUT1;B4GALT7;B3GALT6;COG7;MPDU1;PMM2;ST3GAL5;ASAH1;ACVR1;CYP27A1;MFN2;FGFR1;ITPR2;USP6;MYH9;TBL1XR1;CAVIN1;PPARG;BSCL2;AGPAT2;CAV1;FOS;PSMB8;PIK3R1;KCNJ6;PLIN1;LIPE;CIDEC;AKT2;LMNB2;ADGRE2;VEGFC;FLT4;GJC2;RRAS;PTPN11;BRAF;SOS1;RAF1;KAT6B;RIT1;LZTR1;A2ML1;RASA2;SOS2;CCBE1;FAT4;ADAMTS3;KIF11;GATA2;SOX18;IKBKG;FOXC2;RELN;MPI;GLA;FGD1;WT1;SOX9;SRY;DHH;NR0B1;NR5A1;DMRT1;CBX2;MAP3K1;KIF1A;ZNHIT3;CDC42;CCDC88A;WAS;WIPF1;CYBB;NCF1;NCF2;CYBA;NCF4;LYST;CLEC7A;IL17RA;IL17F;TRAF3IP2;IL17RC;STAT3;RAG1;RAG2;PLCG2;TMC6;TMC8;RAB27A;BLM;SLC6A19;UVSSA;XPA;XPC;DDB2;POLH;KITLG;STK11;GNAS;SLC29A3;RAD51;MAD2L2;BRCA1;XRCC2;RFWD3;BRCA2;BRIP1;FANCA;FANCB;FANCC;FANCD2;FANCE;FANCF;FANCG;FANCL;FANCM;FANCI;PALB2;RAD51C;SLX4;UBE2T;ADAM10;SPRED1;PRKAR1A;MYH8;RMI2;TOP3A;ADAR;ABCB6;PUS3;MYO5A;GNAQ;GNA11;NF2;SMARCB1;COQ6;SOX10;SNAI2;EDNRB;PAX3;EDN3;EPG5;KIT;SLC24A5;TYR;LRMDA;SLC45A2;TYRP1;OCA2;AP3B1;DTNBP1;BLOC1S3;HPS3;HPS5;HPS6;HPS1;HPS4;BLOC1S6;MLPH;ELP1;FGFR2;ANTXR2;SLCO2A1;HPGD;ECM1;NOD2;GPNMB;OSMR;IL31RA;ATM;IDH2;IDH1;ACVRL1;SMAD4;ENG;GDF2;TEK;ARL6IP6;MRE11;ATR;SAMHD1;TREX1;TMEM173;AGGF1;RASA1;LEMD3;ABCC6;GGCX;GORAB;SLC2A10;RIN2;LTBP4;EFEMP2;ATP7A;FBLN5;ELN;SLC39A13;COL1A2;TNXB;PLOD1;COL5A1;ADAMTS2;FKBP14;C1S;C1R;ZNF469;PRDM5;COL5A2;NOTCH1;ARHGAP31;DOCK6;RBPJ;EOGT;DLL4;PORCN;KCTD1;HCCS;COX7B;NDUFB11;BMS1;EDA;EDA2R;DYNC2LI1;GLI1;EVC;EVC2;LIG4;NSUN2;COL11A1;SLC13A5;ROGDI;TP63;RIPK4;TWIST2;MAP2K1;CDH3;IFT122;WDR35;IFT43;WDR19;IFT52;ANTXR1;ABCA5;CTNND1;CDH1;NECTIN4;MSX1;UBR1;OFD1;SETBP1;PNPLA6;DLX3;PEX1;PEX6;RMRP;EDAR;EDARADD;TRAF6;KDF1;CYP26C1;KRT85;KRT74;HOXC13;SOX3;NFKBIA;NECTIN1;TRPS1;EXT1;ATP6V1B2;TBC1D24;FGF10;LMX1B;KCNH1;STXBP1;MAP3K20;PLCD1;FZD6;RSPO4;FGF5;BCS1L;HR;RBM28;PPP1CB;SHOC2;ITGB6;AHSG;DSC3;ALX4;EDNRA;EPS8L3;LIPH;APCDD1;RPL21;SNRPE;LPAR6;DSG4;PADI3;TGM3;KRT71;KRT25;KRT86;KRT81;INSR;ABCC9;SHH;LBR;HLA-DRB1;CTGF;IRF5;KIAA0319L;CCR6;IL10;HLA-B;FAS;UBAC2;IL23R;MEFV;STAT4;C4A;IL12A;TLR4;CCR1;KLRC4;IL12A-AS1;ERAP1;NLRP12;IL1RN;LPIN2;TNFRSF1A;NLRP3;NLRC4;ADA2;IKZF1;HLA-DQB1
Rare systemic or rheumatological disease of childhood	HLA-B;IL12B;MLX;ADA2;TMEM173;DNASE1L3;HLA-DPA1;HLA-DPB1;CTLA4;PTPN22;PRTN3;BTNL2;HLA-DRB1;CAV1;CTGF;IRF5;KIAA0319L;CCR6;PLCG2;STAT3;COPA;TPP2;C1R;STAT4;SPP1;IRAK1;NOTCH2;MEFV;TNFRSF1A;WNT3A;DKK1;WNT1;PSTPIP1;IL1RN;EGFR;ADAM17;IL36RN;LPIN2;RBCK1;RNF31;NLRP12;NLRC4;OTULIN;MVK;NLRP3;NOD2;IL10;FAS;UBAC2;IL23R;C4A;IL12A;TLR4;CCR1;KLRC4;IL12A-AS1;ERAP1;SH3BP2;PSMB8;TNFAIP3;SAMHD1;RNASEH2A;RNASEH2B;RNASEH2C;ADAR;TREX1;IFIH1;ACP5;ISG15;C1QA;PRKCD;DNASE1;USP18;DDX58;POLA1;TTC37;SKIV2L;IL2RA;CD247;PTPN2;ANKRD55;IL2RB;MIF;IL6;LACC1
Rare developmental defect during embryogenesis	ACVRL1;SMAD4;ENG;GDF2;ARL6IP6;GNAQ;RASA1;PIK3CA;STAMBP;EPHB4;TEK;CCM2;KRIT1;PDCD10;GLMN;VEGFC;FLT4;GJC2;RRAS;PTPN11;BRAF;SOS1;KRAS;RAF1;NRAS;KAT6B;RIT1;LZTR1;A2ML1;RASA2;SOS2;CCBE1;FAT4;ADAMTS3;KIF11;GATA2;SOX18;IKBKG;FOXC2;RELN;MPI;PTPN14;TFE3;CAMTA1;YAP1;WWTR1;GNA14;ELMO2;IDH2;IDH1;PTEN;AKT1;AGGF1;TFAP2B;PRDM6;ELN;NKX2-5;GATA5;NOTCH1;SMAD6;TRIP13;BUB1B;CEP57;BUB1;BUB3;SRY;USP9Y;DAZ1;DAZ2;DAZ3;DAZ4;DDX3Y;RBMY1A1;TSPY1;COL4A6;COL4A5;MAMLD1;MTM1;AMMECR1;ACSL4;KCNE5;MECP2;FMR1;GPR101;STAG2;IQSEC2;SALL4;BMP2;JAG1;TBX4;HNF1B;LHX1;KANSL1;NF1;PMP22;DEAF1;RAI1;FLII;YWHAE;HIC1;PAFAH1B1;ANKRD11;SH2B1;CREBBP;USP7;TSC2;PKD1;HBA2;HBA1;FLI1;FGF3;FADD;BDNF;WT1;PAX6;H19;ALX4;EXT2;PHF21A;BMPR1A;GATA3;WAC;HNRNPK;LMX1B;STXBP1;PTCH1;EHMT1;TRPS1;EXT1;PUF60;ANK1;GATA4;RFC2;BAZ1B;TBL2;CLIP2;GTF2I;GTF2IRD1;LIMK1;FOXP2;SIM1;ARID1B;ERMARD;SEMA5A;CTNND2;NSD1;SETD2;APC2;APC;MEF2C;PURA;NSD2;NELFA;LETM1;FOXL2;PREPL;CAMKMT;SLC3A1;PPM1B;HDAC4;TBR1;SATB2;ZEB2;MBD5;RERE;GABRD;SKI;KCNAB2;PRDM16;DPYD;NFIA;HNRNPU;ZBTB18;MEG3;DLK1;RTL1;FOXG1;CHRNA7;MCTP2;MEIS2;CATSPER2;STRC;SIN3A;UBE3A;OCA2;RB1;DYRK1A;TBX1;ARVCF;GP1BB;UFD1;COMT;HIRA;JMJD1C;RREB1;SEC24C;BCR;MAPK1;CRKL;SHANK3;LEMD3;HMGA2;ERC1;SOX5;HYMAI;PLAGL1;SNRPN;MAGEL2;NDN;IGF2;NFIX;NIPBL;LMNB1;COL11A2;INSR;KITLG;SNAI2;SOX10;MITF;EDNRB;PAX3;SALL1;DACT1;SIX1;EYA1;SIX5;TCOF1;POLR1D;POLR1C;SF3B4;NALCN;TNNI2;TNNT3;TPM2;MYH3;MYBPC1;DHODH;COL11A1;RAD51;MAD2L2;BRCA1;XRCC2;RFWD3;BRCA2;BRIP1;ERCC4;FANCA;FANCB;FANCC;FANCD2;FANCE;FANCF;FANCG;FANCL;FANCM;FANCI;PALB2;RAD51C;SLX4;UBE2T;HOXD13;TBX5;SH3BP2;IRF6;GRHL3;FRAS1;FREM2;GRIP1;TBX22;EVC;EVC2;MYOD1;RAPSN;DOK7;MUSK;ABCC9;TWIST2;TFAP2A;ERBB3;PIP5K1C;POLR1A;TXNL4A;LONP1;GLE1;WDPCP;CCNQ;FGFR2;EPG5;SPECC1L;PIEZO2;SLC25A24;P4HB;SEC24D;KCTD1;CTNND1;CDH1;FGF10;FGFR3;HOXA13;FLNA;MKKS;STRA6;RARB;NSDHL;CUL7;OBSL1;CCDC8;NOTCH2;RECQL4;CHRNG;EIF4A3;SCARF2;COL2A1;ADAMTS10;FBN1;LTBP2;DDX11;NBN;PIK3R1;RSPO2;WNT3;PITX2;FOXC1;FREM1;MRE11;RAD50;GSC;HYAL2;HSPA9;MAP3K20;DLX5;ACTB;YY1AP1;SEC23A;LMNA;ZMPSTE24;KYNU;HAAO;CWC27;RPS6KA3;SMC1A;SMC3;HDAC8;RAD21;KMT2A;SETD5;ARID2;SMARCB1;SMARCA4;ARID1A;SMARCE1;SOX11;DPF2;SUFU;GLI3;KIF7;FGD1;VPS13B;LIG4;NSUN2;HRAS;PNPLA6;EED;EZH2;SUZ12;GPC3;GPC4;B3GLCT;MED12;ZDHHC9;UPF3B;CD96;WASHC5;CCDC22;OTX2;PRRX1;PHF6;CDH11;EMG1;TMCO1;TGDS;RAB3GAP1;RAB3GAP2;MAP2K1;MAP2K2;C12ORF57;FGFR1;ANTXR1;PIGN;SRCAP;KMT2D;KDM6A;RAP1A;RAP1B;TBCE;ATIC;UBR1;PHGDH;PSAT1;BCOR;UBE3B;RAB18;TBC1D20;PTDSS1;KMT2C;TCF4;ATP6V1B2;KCNH1;ACTG1;SHH;SIX3;TGIF1;ZIC2;GLI2;TDGF1;FOXH1;FGF8;DISP1;CDON;NODAL;DLL1;GAS1;CKAP2L;SMARCA2;DHCR7;PIGL;CNTNAP2;NRXN1;ITCH;PACS1;DCHS1;SSR4;XYLT1;PIGT;MED13L;GRIA3;MTHFR;VANGL2;GATAD2B;CTCF;THOC6;ASXL3;EP300;AUTS2;COLEC10;MASP1;COLEC11;RBBP8;TUBB2B;PIGA;MID1;MED25;HACE1;PRMT7;PTRH2;DPH1;RPL10;MTOR;PPP2R5D;THOC2;RSPRY1;HERC1;PPP2R1A;KAT6A;FRMD4A;NONO;POGZ;SLC39A8;CTNNB1;FBLN1;DNMT3A;ADNP;DOCK7;UNC80;TTI2;TAF2;SNX14;KPTN;PDE4D;AFF4;BRF1;QARS;C2CD3;OTUD6B;VPS33A;EXTL3;MYSM1;CENPF;YY1;TBCD;SON;RAC1;TRAPPC12;FIBP;STAG1;TAF1;EMC1;USP9X;PYCR2;KDM1A;TRIO;TELO2;TKT;PUS3;TBCK;CDC42;TBL1XR1;KIF1BP;SLC26A2;FLNB;EFTUD2;NEB;RYR1;CHRNA1;CHRND;SLC6A8;IGBP1;CTDP1;PLAA;MGP;SLC9A6;KDM5C;MBTPS2;PHF8;CUL4B;AP1S2;WDR26;KLHL7;ASXL1;NEU1;PQBP1;ATRX;ATR;CENPJ;PCNT;CEP152;ATRIP;TRAIP;PLK4;CENPE;ORC4;ORC6;CDT1;CDC6;ORC1;GMNN;CDC45;RNU4ATAC;ZNF335;NIN;LARP7;RTTN;SEMA3E;CHD7;NAA10;PLXND1;REV3L;SNORD115@;SNORD116@;SOX9;NHS;MYMK;SMOC1;TMEM67;RPGRIP1L;CC2D2A;INPP5E;SNRPB;SMO;ROR2;NXN;KCNJ8;LRP2;PORCN;MAP3K7;PPP1CB;SHOC2;GJA1;DPP6;TBX3;SETBP1;DVL3;WNT5A;DVL1;FZD2;DDX3X;BBS1;BBS10;BBS2;BBS4;BBS5;BBS7;BBS9;CEP290;TRIM32;TTC8;ARL6;MKS1;NPHP1;BBS12;SDCCAG8;LZTFL1;IFT172;BBIP1;IFT27;C8ORF37;KNSTRN;PIK3CD;TAB2;BRCC3;ATP7A;MIR17HG;MYCN;CDKN1C;EXOSC2;ZNF462;HOXA1;MEGF8;RAB23;SOX2;CEP55;TMEM107;RPGRIP1;TMEM216;TCTN2;B9D1;B9D2;TMEM231;CSPP1;ICK;RIPK4;GPKOW;FTO;PLAT;PITX1;CHUK;NOG;GDF5;FGF9;MECOM;HOXA11;TWIST1;VANGL1;FUZ;RBM8A;ESCO2;TP63;ARHGAP31;DOCK6;RBPJ;EOGT;DLL4;BMPR1B;WNT7A;LMBR1;BHLHA9;THPO;TBX15;LRP4;EBP;OFD1;CPLANE1;TCTN3;PDE6D;KIAA0753;NEK1;DDX59;IFT57;MYH8;PDE3A;PIGV;PIGO;PGAP2;PGAP3;PIGW;PIGY;CHSY1;TRPV4;PTHLH;IHH;VPS33B;VIPAS39;FBN2;P4HA1;CHST14;DSE;ECEL1;SLC35A3;ERGIC1;UBA1;FKBP10;ZC4H2;CNTNAP1;ADCY6;LGI4;CNTN1;SYNE1;KIF14;ASCC1;TRIP4;ZNF141;IQCE;FGF16;HOXD10;HPGD;ATM;WRN;SLC39A4;ERCC2;ERCC6;ERCC5;ERCC1;ANTXR2;KRT16;KRT17;KRT6A;KRT6B;HCCS;COX7B;NDUFB11;XPA;ERCC3;XPC;DDB2;ABCC6;ENPP1;PLEC;ADAMTS17;CERS3;POLE;SMARCAD1;PCNA;ECM1;MYO5A;POLH;ERCC8;RSPO4;SLC39A13;COL1A1;COL1A2;TNXB;PLOD1;COL3A1;COL5A1;ADAMTS2;FKBP14;C1S;C1R;B4GALT7;B3GALT6;ZNF469;PRDM5;COL5A2;GORAB;PYCR1;SLC2A10;RIN2;LTBP4;EFEMP2;ALDH18A1;FBLN5;ATP6V0A2;ATP6V1E1;ATP6V1A;COL7A1;MMP1;LAMA3;COL17A1;ITGB4;ITGA3;ITGA6;LAMB3;LAMC2;EDA;EDA2R;DYNC2LI1;GLI1;DKC1;TERT;TERC;TINF2;NOP10;NHP2;USB1;WRAP53;CTC1;RTEL1;PARN;GJB2;GJB6;SLC13A5;ROGDI;CDH3;IFT122;WDR35;IFT43;WDR19;IFT52;ABCA5;PKP1;NECTIN4;MSX1;WNT10A;CTSC;DLX3;PEX1;PEX6;RMRP;DSP;SASH1;EDAR;EDARADD;TRAF6;KDF1;CYP26C1;GRHL2;KRT14;KRT85;KRT74;HOXC13;MPLKIP;GTF2H5;RNF113A;GTF2E2;SOX3;NFKBIA;NECTIN1;TBC1D24;RNF135;KCNQ1OT1;PTH1R;DIS3L2;AKT2;DICER1;SLC16A1;HNF4A;KCNJ11;ABCC8;UCP2;HNF1A;HADH;GLUD1;GCK;ALMS1;LAS1L;TRAPPC9;KIDINS220;EIF2S3;GNAS;CANT1;TGFBR2;B3GAT3;PLOD3;CAVIN1;PPARG;BSCL2;AGPAT2;CAV1;FOS;BANF1;POLD1;PDGFRB;SPRTN;LMNB2;GNAI3;PLCB4;EDN1;PAX1;ALX1;RUNX2;FAM20A;CNNM4;LTBP3;IL11RA;AXIN2;SMARCAL1;SUMF1;GLA;CBS;PEX11B;PEX2;PEX10;PEX12;PEX13;PEX14;PEX16;PEX19;PEX26;PEX3;PEX5;ALPL;ABCD1;BCAP31;SUOX;LBR;MSMO1;DHCR24;SC5D;MVK;PDHX;PDHB;DLD;PDP1;DLAT;PDHA1;SLC25A4;AGK;SLC25A22;SIK1;GLRX5;SLC25A12;SLC25A26;SLC25A3;TIMM8A;MT-CYB;ABCB7;ATAD3A;MSTO1;ETHE1;LIAS;LIPT1;MECR;IBA57;ISCA2;NFU1;BOLA3;TMEM126B;TIMMDC1;MT-ND1;MT-ND2;MT-ND3;NDUFAF2;NDUFS1;NDUFS2;NDUFS3;NDUFS4;NDUFS6;NDUFS7;NDUFS8;NDUFV1;NDUFV2;NDUFA1;NDUFAF4;NDUFAF5;NDUFA11;NDUFAF3;NUBPL;FOXRED1;NDUFAF1;NDUFB9;NDUFB3;NDUFB10;MT-ATP6;MT-ATP8;ATPAF2;ATP5F1E;ATP5F1A;ATPAF1;ATP5F1D;COX10;MT-CO1;MT-CO2;MT-CO3;COX6B1;COX14;COX20;COA3;COX8A;PET117;COX5A;SDHA;SDHB;SDHD;SDHAF1;BCS1L;UQCRQ;UQCRB;TTC19;UQCRC2;CYC1;LYRM7;UQCC2;UQCC3;RRM2B;MT-TL1;MT-TS1;MT-TL2;MT-TN;RNASEH1;MT-TQ;MT-ND4;MT-ND5;MT-ND6;MT-TW;MT-TH;MT-TS2;MT-TF;MT-TP;MT-TK;MT-RNR1;MT-ND4L;TRMU;MT-TV;MT-TE;TFB1M;MT-TT;COX4I2;SCO1;SCO2;COX15;COA5;COA6;DNM1L;GFER;SURF1;COX6A1;MFF;MIPEP;NDUFA13;SLC19A3;NDUFAF6;TACO1;NDUFA2;NDUFA10;NDUFA9;MTFMT;PET100;NDUFA4;ECHS1;NDUFA12;COQ2;PDSS2;NDUFB8;LRPPRC;FASTKD2;TMEM126A;CHCHD10;SFXN4;APOPT1;OPA3;OPA1;TMEM70;SERAC1;LYRM4;NFS1;ISCU;ACAD9;MGME1;POLG;TYMP;TK2;POLG2;TWNK;DGUOK;DNA2;AFG3L2;MPV17;SUCLA2;SUCLG1;FBXL4;APTX;COQ8A;PDSS1;COQ6;COQ9;COQ4;RARS2;TSFM;PUS1;YARS2;GFM1;DARS2;MRPS22;TUFM;MRPS16;MTPAP;ERAL1;HSD17B4;HARS2;CLPP;LARS2;AIFM1;RMND1;FARS2;MRPL3;PNPT1;AARS2;MTO1;ELAC2;SARS2;MRPL44;MARS2;EARS2;MRPS7;IARS2;GTPBP3;NARS2;VARS2;TARS2;TXN2;TRMT10C;TRMT5;CARS2;SPG7;C12ORF65;GUSB;ARSB;IDS;GALNS;GLB1;HYAL1;SGSH;NAGLU;HGSNAT;GNS;IDUA;AGA;MANBA;FUCA1;CTSA;MAN2B1;NAGA;GNPTAB;MCOLN1;GNPTG;SLC35A2;LARGE1;POMGNT1;POMT1;POMT2;FKTN;FKRP;B3GALNT2;GMPPB;COL4A1;DAG1;ISPD;POMGNT2;RXYLT1;B4GAT1;POMK;B4GALT1;DLL3;MESP2;LFNG;HES7;RIPPLY2;COG1;CHST3;SLC35D1;INPPL1;TMEM165;COG7;MGAT2;RFT1;STX16;MNX1;TBX6;GDF3;MEOX1;GDF6;NPR2;MYO18B;BMPER;EFNB1;ZSWIM6;ALX3;SIX2;PRKAR1A;EDNRA;ERF;LRP5;MSX2;CYP26B1;ZIC1;TCF12;DLX6;EPS15L1;SEM1;WNT10B;BTRC;ACAN;MET;UFSP2;COL9A1;COL9A2;COL9A3;COMP;MATN3;IFT140;NEK9;IFT80;DYNC2H1;TTC21B;WDR60;WDR34;CEP120;KIAA0586;TRAF3IP1;MMP13;MMP9;COL10A1;SBDS;EFL1;SRP54;DNAJC21;LIFR;HDAC6;SHOX;MAB21L2;GPC6;ADAMTSL2;PAM16;TRIP11;GPX4;PAPSS2;AGPS;PEX7;GNPAT;ARSE;IMPAD1;COL27A1;KIF22;FAM111A;POC1A;MAFB;MMP2;MMP14;TNFRSF11A;CASR;ANKH;SLC34A1;SLC9A3R1;GNA11;AP2S1;SLC34A3;DMP1;PHEX;FGF23;CLCN5;OCRL;CYP27B1;CYP2R1;VDR;PLOD2;P3H1;CRTAP;PPIB;CREB3L1;SERPINH1;SERPINF1;WNT1;BMP1;TMEM38B;SP7;SPARC;IFITM5;TAPT1;PLS3;ANO5;IFIH1;DDX58;WNT3A;DKK1;XYLT2;TNFRSF11B;TGFB1;SOST;TBXAS1;SFRP4;VCP;HNRNPA2B1;HNRNPA1;POLR3B;MTAP;SLCO2A1;CLCN7;CA2;CTSK;SLC29A3;AMER1;TCIRG1;TNFSF11;SNX10;PLEKHM1;LRRK1;OSTM1;FERMT3;FAM20C;FIG4;VAC14;ACVR1;TREM2;TYROBP;ACP5;FN1;PCYT1A;HSPG2;NANS;DYM;RAB33B;WISP3;EIF2AK3;NKX3-2;BGN;POP1;DDRGK1;TRAPPC2;DDR2;HHAT;SH3PXD2B;TGFBR1;IL1RN;NLRC4;NLRP3;GALNT3;KL;SAMD9;LPIN2;BLM;TRIM37;NBAS;TPM3;CBL;LMOD1;MYH11;ACTG2;MYLK;PAX2;HPSE2;LRIG2;NPHP3;GDF1;TBX18;GREB1L;RET;ITGA8;FGF20;BMP4;UPK3A;DSTYK;PBX1;ACE;AGT;REN;AGTR1;ISL1;CHRM3;ARHGAP29;DLG1;DLX4;PTCH2;RBM10;PAH;RPL18;RPS27;RPL27;TSR2;RPL35;RPS19;RPS24;GATA1;RPS17;RPS7;RPL5;RPL11;RPL35A;RPS10;RPS26;RPL26;RPL15;RPS29;RPS28;STAC3;FOXE1;HOXA2;HYLS1;KIF15;HOXB1;TSHZ1;GPRASP2;IGSF3;UBB;VHL;STK11;TSC1;SPRED1;NF2;SDHC;SEC23B;KLLN;MIR204;KERA;FOXE3;FZD5;SALL2;ABCB6;CRYAA;CRYBB2;GJA8;HSF4;MIP;LIM2;EPHA2;FYCO1;CRYGB;GCNT2;LSS;LEMD2;SIPA1L3;SIL1;INPP5K;DMPK;CNBP;PABPN1;ALG2;DPAGT1;GFPT1;ALG14;DBH;PHOX2A;KIF21A;TUBB3;COL25A1;ZFHX4;CHAT;AGRN;SLC25A1;SNAP25;SYT2;MYO9A;SLC5A7;VAMP1;SLC18A3;COL13A1;SCN4A;CHRNB1;CHRNE;AK9;COLQ;LAMB2;SULT2B1;SDR9C7;ABCA12;ALOX12B;ALOXE3;TGM1;CYP4F22;NIPAL4;LIPN;SERPINB8;CSTA;PNPLA1;MMP19;SRD5A3;SIX6;CYP1B1;MYOC;ITPR1;TRIM44;SLITRK6;CRIM1;HMX1;MFRP;TMEM98;PRSS56;VSX2;TENM3;RBP4;RS1;NDP;VSX1;ZEB1;COL8A2;OVOL2;CHRDL1;ADAMTSL4;ASPH;BEST1;COL4A3;COL4A4;TUBA8;PROKR2;HESX1;ARNT2;NR5A1;FSHR;BMP15;PSMC3IP;NUP107;SPIDR;NR0B1;MCM9;WNT4;RSPO1;CYP19A1;CYP21A2;NR3C1;HSD3B2;CYP11B1;POR;DHH;DMRT1;CBX2;MAP3K1;DMRT3;WWOX;ZFPM2;VAMP7;TSPYL1;ARX;AMH;AMHR2;AR;LHB;LHCGR;AKR1C2;AKR1C4;HSD17B3;CYB5A;CYP17A1;CYP11A1;STAR;SRD5A2;POU3F4;SLC26A4;KCNJ10;FOXI1;AP1S1;ABHD12;WFS1;CISD2;EDN3;MYH9;PRPS1;SLC4A11;GJB3;THRB;ATP1A3;MYO6;CEP78;CLRN1;HARS;USH2A;ADGRV1;MYO7A;WHRN;PDZD7;USH1K;CDH23;USH1C;USH1G;PCDH15;USH1E;USH1H;CIB2;LHX3;CACNA1D;GPSM2;DNMT1;CD151;SLC9A1;SPATA5;ATP6V0A4;ATP6V1B1;MYH14;DNAJC3;DIAPH1;SLC19A2;BSND;CLCNKB;CLCNKA;ADAMTSL1;KCNE1;KCNQ1;SLC52A3;SLC52A2;PDK3;GJB1;TRAPPC11;AAAS;GMPPA;CLMP;TTC7A;RFX6;PHOX2B;IRX5;PTF1A;PDX1;GPC1;PKHD1;RPSA;CFC1;NEK8;CCDC88C;MPDZ;CHN1;ZIC4;TSEN54;TSEN15;TSEN34;TSEN2;SEPSECS;VRK1;EXOSC3;EXOSC8;EXOSC9;CHMP1A;AMPD2;TOE1;CLP1;PCLO;PIBF1;AHI1;ARL13B;TCTN1;TMEM237;CEP41;CEP104;KIAA0556;ARMC9;ARL3;CIT;NCAPD3;COPB2;TAF13;CDK5RAP2;ASPM;MCPH1;STIL;WDR62;CEP63;CEP135;KNL1;PHC1;CDK6;SASS6;MFSD2A;ANKLE2;TBC1D7;AKT3;LAMC3;ARFGEF2;NEDD4L;TMTC3;MAP1B;DCX;EML1;GRIN1;SRPX2;ADGRG1;PI4KA;NDE1;EMX2;COL4A2;NOTCH3;TBXT;MTHFD1;L1CAM;SLC12A6;DISC1;EOMES;KATNB1;TUBA1A;POLR3A;PIK3R2;CCND2;ROBO3;OSGEP;TP53RK;WDR73;TPRKB;LAGE3;WDR4;VPS53;HEPACAM;FLVCR2;JAM3;CRB2;LAMB1;IER3IP1;MED17;PPP1R15B;TRMT10A;SLC25A19;CASK;TMEM138;ZNF423;OPHN1;ACD;LAMA1;KPNA7;GATA6;IGFBP7;CCDC174;PKD1L1;ZIC3;ACVR2B;LEFTY2;CFAP53;MMP21;ANKS3;NME7;CITED2;CFAP52;GJA5;NKX2-6;MYH7;CRELD1;NR2F2;TLL1;ACTC1;MYH6;TBX20;ROBO2;SOX17;ADGRG2;CFTR
Rare disorder due to toxic effects	
Rare abdominal surgical disease	BRCA1;WT1;EWSR1;HOXD13;TRAPPC11;AAAS;GMPPA;MIR17HG;MYCN;SOX2;FLNA;CLMP;TTC7A;ZEB2;RFX6;CENPF;MYH14;TBX1;ARVCF;GP1BB;UFD1;COMT;HIRA;JMJD1C;RREB1;SEC24C;SALL1;DACT1;FRAS1;FREM2;GRIP1;MNX1;RECQL4;CCNQ;KMT2D;KDM6A;RAP1A;RAP1B;GLI3;UBR1;HCCS;COX7B;NDUFB11;SALL4;TBX3;FANCB;PHOX2B;PITX2;FOXC1;FREM1;MID1;SPECC1L;HSPA9;KIF1BP;ERMARD;IFT80;DYNC2H1;WDR35;WDR60;WDR34;MED12;PQBP1;VANGL1;FUZ;PTF1A;PDX1;GPC1;PKHD1;NKX2-5;RPSA;CEP55;TMEM107;RPGRIP1;CEP290;TMEM67;MKS1;RPGRIP1L;CC2D2A;TMEM216;WDPCP;TCTN2;B9D1;B9D2;TMEM231;CSPP1;CFC1;JAG1;NOTCH2;NPHP3;NEK8;ZFPM2;GATA6;TP63;ISL1;NSD2;NELFA;LETM1;SMC1A;NIPBL;SMC3;HDAC8;RAD21;KMT2A;SETD5;GPC3;GPC4;LRP2;PIGN;STRA6;RARB;TNXB;PLAT;COL5A1;COL5A2;COL1A1;GORAB;PYCR1;SLC2A10;RIN2;LTBP4;EFEMP2;ATP7A;ALDH18A1;FBLN5;ELN;ATP6V0A2;ATP6V1E1;ATP6V1A
Rare neoplastic disease	IDH2;IDH1;NF2;PTCH1;SUFU;PTCH2;CDKN2A;TP53;MDM2;CHEK2;TEK;DKC1;TERT;TERC;TINF2;NOP10;NHP2;USB1;WRAP53;CTC1;RTEL1;PARN;PTH1R;RHBDF2;PMS2;MLH1;MSH2;MSH6;KEAP1;DICER1;CD19;ICOS;CR2;TNFRSF13C;MS4A1;CD81;PRKCD;TNFSF12;NFKB1;NFKB2;TNFRSF13B;PTEN;RAD51;BRCA1;BRCA2;BRIP1;MRE11;NBN;PALB2;BARD1;RAD51C;RAD50;RAD51D;NF1;RB1;MYCN;MITF;BAP1;ATR;SASH1;SPRTN;TNFRSF4;DDX41;ETV6;ANKRD26;RUNX1;SMARCB1;COQ6;LZTR1;HAX1;ATM;WAS;WIPF1;RRAS;PTPN11;BRAF;SOS1;KRAS;RAF1;NRAS;KAT6B;RIT1;A2ML1;RASA2;SOS2;FGFR3;FGFR2;TWIST1;STK11;BDNF;WT1;PAX6;GNAS;NHEJ1;RPL18;RPS27;RPL27;TSR2;RPL35;RPS19;RPS24;GATA1;RPS17;RPS7;RPL5;RPL11;RPL35A;RPS10;RPS26;RPL26;RPL15;RPS29;RPS28;BLM;HRAS;MAD2L2;XRCC2;RFWD3;ERCC4;FANCA;FANCB;FANCC;FANCD2;FANCE;FANCF;FANCG;FANCL;FANCM;FANCI;SLX4;UBE2T;NSD1;SETD2;APC2;TSC1;TSC2;GPC3;GPC4;WRN;TRIP13;BUB1B;CEP57;BUB1;BUB3;ERCC2;ERCC6;ERCC5;ERCC1;IGF2;H19;KCNQ1OT1;JAG1;NOTCH2;SETBP1;DDX11;XPA;ERCC3;XPC;DDB2;DIS3L2;FAH;RECQL4;CDKN1C;CBL;CREBBP;EP300;SBDS;EFL1;SRP54;DNAJC21;AXIN2;PCNA;PIK3CA;WNT10A;POLH;ERCC8;XRCC4;LIG4;SDHB;SDHD;SDHC;SEC23B;AKT1;KLLN;SH2D1A;XIAP;CASP8;CASP10;FAS;FASLG;RASGRP1;ITK;CD27;CTLA4;STAT3;VHL;OGG1;DIRC2;FLCN;RNF139;FHIT;HSPBAP1;DIRC3;FH;MET;CDC73;MEN1;CDKN1B;CDKN1A;CDKN2B;CDKN2C;RET;IPMK;ESR2;NTRK1;PMS1;TGFBR2;MLH3;EPCAM;FAN1;BMPR1A;SEMA4A;RPS20;RNF43;GREM1;MUTYH;APC;SMAD4;ENG;NTHL1;POLE;POLD1;MSH3;NUTM1;BRD4;EXT1;EXT2;TBXT;GRM1;MTAP;ERG;ETV1;EWSR1;FLI1;ETV4;NTRK3;GATA2;KIT;CEBPA;TGM6;TET2;GLIS2;CBFA2T3;MYB;FLT3;NPM1;KAT6A;KMT2A;MLLT3;MECOM;RPN1;NUP214;DEK;RBM15;MKL1;PML;PRKAR1A;RARA;STAT5B;FIP1L1;NABP1;ZBTB16;NUMA1;TBL1XR1;MYH11;CBFB;RUNX1T1;FGFR1;PDGFRB;PDGFRA;CSF3R;BCR;ABL1;JAK2;MPL;CALR;SH2B3;SRC;SF3B1;RPS14;MYSM1;CARD11;CCND1;IKZF1;GATA3;AUTS2;HLF;AFF1;TCF3;PBX1;IGH;FOXP1;PAX5;PIP4K2A;HLA-C;SET;SALL2;TRA;TAL1;MYC;STIL;TRB;TRD;TRG;TCL1A;TLX1;TLX3;CNOT3;MLLT10;HNRNPH1;DDX3X;PICALM;BCL2;BCL6;ALK;XPO1;IGHV4-34;HLA-DRB1;P2RX7;IGHV3-21;ARL11;IGHG1;POT1;RPS15;IKZF3;MYD88;MALT1;BIRC3;BCL10;TNFRSF1B;CD28;TYK2;KLHDC8B;TRIM28;REST;POU6F2;BCOR;YWHAE;NUTM2B;NUTM2E;IRX2;TMEM127;HNF1A;PRCC;TFE3;ASPSCR1;TFEB;CLTC;SFPQ;NONO;PBRM1;MAP2K2;NOTCH3;CDK4;MC1R;CDKN2D;MGMT;ACD;TERF2IP;FGF23;GALNT3;KL;SAMD9;CYLD;COL1A1;PDGFB;TGFBR1;CTNNB1;GJB2;KRT4;KRT13;NSDHL;MME;NEK9;ACTB;CAMTA1;YAP1;WWTR1;GNA14;ELMO2;NFKBIA;PRKD1;PLAG1;HMGA2;TNFRSF10B;ING1;ATRX;DAXX;EPAS1;KIF1B;MDH2;SDHA;SDHAF2;MAX;GCM2;EIF1AX;PPARG;CCDC6;TFG;TPR;TRIM24;TRIM27;TRIM33;ERC1;FOXE1;GOLGA5;PAX8;PCM1;NKX2-1;NCOA4;NDUFA13;GAS8-AS1;LPAR4;MINPP1;HABP2;CDH23;AIP;USP8;GPR101;MSMB;SRD5A2;RNASEL;ELAC2;EPHB2;HNF1B;HOXB13;MSR1;KITLG;SPRY4;GCGR;PALLD;WWOX;RNF6;DLEC1;ATP4A;CDH1;MAP3K6;CTNNA1;PTPN3;AXIN1;PDGFRL;EGF;DNAJB1;PRKACA;SMARCA4;TP73;JMJD1C;LMO1;PHOX2B;TOP2A;HACE1;LIN28B;RELA;C11ORF95;SRGAP3;NTRK2;KIAA1549;EGFR;TACC3;TACC1;SEPT14;QKI;SH3PXD2A;HTRA1;SMARCE1;MN1;JAZF1;SUZ12;NUTM2A;RAD54L;PPM1D;SLC22A18;INHBA;FOXL2;NLRP7;KHDC3L;MYH8;TPM3;RANBP2;CARS;TPM4;ANTXR2;USP6;MYH9;ATF1;CREB1;TCF12;NR4A3;TAF15;STAT6;NAB2;SS18;SSX1;SSX2;SMARCA5;FUS;CREB3L2;CREB3L1;FOXO1;PAX3;PAX7;DDIT3;CYSLTR2;GNAQ;GNA11;PITX2
Rare renal disease	OCRL;DYNC2LI1;IFT80;DYNC2H1;TTC21B;WDR19;IFT140;WDR60;IFT172;WDR34;CEP120;CEP290;CC2D2A;TMEM216;TMEM237;TMEM138;ZNF423;TMEM231;KCNJ10;SLC12A3;CLCNKB;ALMS1;IFT122;WDR35;IFT43;IFT52;SLC34A1;SLC9A3R1;CASR;INVS;IQCB1;NPHP1;NPHP3;NPHP4;SDCCAG8;CEP164;TRAF3IP1;REN;EHHADH;AVPR2;AQP2;ADCY10;SARS2;TWNK;SLC30A9;BSND;CLCNKA;MUC1;UMOD;DCDC2;TMEM67;SLC22A12;SLC2A9;CLCN5;NEK8;ANKS6;CEP83;GLIS2;MAPKBP1;XPNPEP3;SLC7A9;SLC3A1;SLC12A1;KCNJ1;MAGED2;CA2;MT-TL1;FOXI1;ATP6V0A4;ATP6V1B1;SLC4A1;SLC4A4;PREPL;CAMKMT;PPM1B;FXYD2;HNF1B;CLDN19;CLDN16;KCNA1;TRPM6;EGF;CNNM2;SLC34A3;DMP1;ENPP1;PHEX;FGF23;NR3C2;SCNN1A;SCNN1B;SCNN1G;KLHL3;CUL3;WNK1;WNK4;GNAS;STX16;HBB;HBA2;HBA1;RAD51;MAD2L2;BRCA1;XRCC2;RFWD3;BRCA2;BRIP1;ERCC4;FANCA;FANCB;FANCC;FANCD2;FANCE;FANCF;FANCG;FANCL;FANCM;FANCI;PALB2;RAD51C;SLX4;UBE2T;ETV6;NTRK3;GPC3;TRIM28;REST;TRIP13;POU6F2;WT1;H19;DIS3L2;BCOR;YWHAE;NUTM2B;NUTM2E;TERT;IRX2;TMEM127;MET;MITF;HNF1A;PRCC;TFE3;ASPSCR1;TFEB;CLTC;SFPQ;NONO;PBRM1;TP53;RFC2;BAZ1B;TBL2;CLIP2;ELN;GTF2I;GTF2IRD1;LIMK1;CYP11B1;CYP11B2;PDE3A;TSHR;ABCC6;NF1;KIF1B;MDH2;RET;SDHA;SDHB;SDHC;SDHD;FH;SDHAF2;MAX;VHL;HSD11B2;EPAS1;PXK;CTLA4;TREX1;HLA-DRB1;IL10;MECP2;FCGR3B;C4A;C4B;CR2;BLK;IRF5;PDCD1;PTPN22;STAT4;FCGR2B;DNASE1;BANK1;ITGAM;KIAA0319L;JAZF1;TNIP1;TNFAIP3;UBE2L3;TNFSF4;SPP1;IRAK1;ETS1;HLA-B;FAS;UBAC2;IL23R;MEFV;IL12A;TLR4;CCR1;KLRC4;IL12A-AS1;ERAP1;HLA-DPA1;HLA-DPB1;PRTN3;BTNL2;IL12B;MLX;NLRP3;CAV1;CTGF;CCR6;APOA2;COPA;LBR;DNASE1L3;SAA1;C1R;FGA;APOA1;LYZ;COL4A6;COL4A5;ITGA3;CD151;COL4A1;COL4A3;COL4A4;SCARB2;LMX1B;MYH9;SMARCAL1;OSGEP;TP53RK;WDR73;NUP107;TPRKB;LAGE3;WDR4;LAMB2;APOE;CFH;DGKE;SOX18;NPHS2;PLCE1;CD2AP;APOL1;NUP93;PTPRO;NPHS1;ARHGDIA;EMP2;ANKFY1;INF2;NUP205;ACTN4;GAPVD1;TRPC6;PAX2;MYO1E;ARHGAP24;COQ8B;ANLN;CRB2;FN1;COQ6;SGPL1;SEMA3E;CHD7;TBX1;ARVCF;GP1BB;UFD1;COMT;HIRA;JMJD1C;RREB1;SEC24C;RRAS;PTPN11;BRAF;SOS1;KRAS;RAF1;NRAS;KAT6B;RIT1;LZTR1;A2ML1;RASA2;SOS2;SALL1;DACT1;SIX1;EYA1;SIX5;BDNF;PAX6;CEP55;TMEM107;RPGRIP1;MKS1;RPGRIP1L;WDPCP;TCTN2;B9D1;B9D2;CSPP1;GLI1;EVC;EVC2;HOXD13;VANGL1;FUZ;GPC4;FRAS1;FREM2;GRIP1;NOTCH2;TP63;GATA3;GLI3;LMOD1;MYH11;ACTG2;MYLK;VPS33B;VIPAS39;HPSE2;LRIG2;OFD1;MAFB;JAG1;SETBP1;DHCR7;FREM1;CDKN1C;KCNQ1OT1;IGF2;NSD1;CREBBP;EP300;KIF14;CENPF;PUF60;FIBP;KYNU;HAAO;HNF4A;GDF1;TBX18;GREB1L;ITGA8;FGF20;BMP4;UPK3A;DSTYK;PBX1;ACE;AGT;AGTR1;ISL1;CHRM3;THBD;MTR;CFB;C3;CD46;ADAMTS13;CFI;CFHR4;CFHR1;CFHR3;CFHR5;DZIP1L;PKHD1;TSC1;TSC2;GANAB;PKD1;PKD2;BICC1;BBS1;BBS10;BBS2;BBS4;BBS5;BBS7;BBS9;TRIM32;TTC8;ARL6;MKKS;BBS12;LZTFL1;BBIP1;IFT27;C8ORF37;FAN1;GLIS3;GLA;ATP7B;SERPINA1;PEX11B;PEX2;PEX1;PEX10;PEX12;PEX13;PEX14;PEX16;PEX19;PEX26;PEX3;PEX5;PEX6;SLC6A19;ALDOB;APRT;FAM20A;SLC16A12;COQ2;PDSS2;FAH;SLC2A2;MUT;MMADHC;CYP24A1;PRPS1;CTNS;SLC5A2;AMN;CUBN;SLC37A4;G6PC;LCAT;MMAA;MMAB;NEU1;AGXT;MOCOS;XDH;HOGA1;GRHPR;HPRT1;P4HA1;CHST14;DSE;SLC35A1;ALG8;ALAS2;FECH;UROS;GATA1;HFE;UROD;PPOX;CPOX;HMBS;ALAD;GALE;GALK1;GALT;DICER1;OGG1;DIRC2;FLCN;RNF139;FHIT;HSPBAP1;DIRC3;CDC73
Rare maxillo-facial surgical disease	TP63;IRF6;NECTIN1;MSX1;ARHGAP29;BMP4;CDH1;DLG1;DLX4;PTCH2;SPECC1L;ALX3;TCOF1;POLR1D;POLR1C;PRKAR1A;PDE4D;EDNRA;GNAI3;PLCB4;EDN1;SALL1;DACT1;SIX1;EYA1;SIX5;SEMA3E;CHD7;DHODH;PTEN;AKT1;SOX9;GNAQ;GPC3;GPC4;GRHL3;PIEZO2;SCARF2;PIK3CA;CDKN1C;H19;KCNQ1OT1;IGF2;NSD1;FLNA;OFD1;TMEM216;KIF7;CPLANE1;TCTN3;PDE6D;KIAA0753;NEK1;DDX59;C2CD3;IFT57;RIPK4;RBM10;FGFR2;SMC1A;NIPBL;SMC3;HDAC8;RAD21;KMT2A;SETD5;FLNB;SLC26A2;COL11A2;COL2A1;COL11A1;COL9A1;COL9A2;COL9A3;TBX1;ARVCF;GP1BB;UFD1;COMT;HIRA;JMJD1C;RREB1;SEC24C;SF3B4;PAH;CEP55;TMEM107;RPGRIP1;CEP290;TMEM67;MKS1;RPGRIP1L;CC2D2A;WDPCP;TCTN2;B9D1;B9D2;TMEM231;CSPP1;RPL18;RPS27;RPL27;TSR2;RPL35;RPS19;RPS24;GATA1;RPS17;RPS7;RPL5;RPL11;RPL35A;RPS10;RPS26;RPL26;RPL15;RPS29;RPS28;STAC3;YAP1;ESCO2;MYMK;TWIST2;TBX22;TFAP2A;FOXE1;TGDS;HOXA2;FGFR1;CTNND1;HYLS1;RECQL4;EIF4A3;WNT7A;BHLHA9;KIF15;DDX3X;ALX1;HYAL2;KDM1A;KIF1BP;EFTUD2;PLXND1;REV3L;HOXB1;UBB
Rare bone disease	IDH2;IDH1;PTH1R;EXT1;EXT2;TBXT;GRM1;MTAP;ERG;ETV1;EWSR1;FLI1;ETV4;CHEK2;RB1;TP53;ETV6;NTRK3;AGA;SUMF1;MANBA;FUCA1;GNPTAB;GUSB;CTSA;ARSB;IDS;MAN2B1;SLC17A5;GALNS;GLB1;GNPTG;HYAL1;SGSH;NAGLU;HGSNAT;GNS;IDUA;NEU1;DLL3;MESP2;LFNG;HES7;RIPPLY2;MNX1;TMCO1;SNRPB;COG1;TBX6;GDF3;MEOX1;GDF6;NPR2;HNRNPK;MYO18B;VPS33A;BMPER;FGFR3;ABCC9;KCNJ8;DPH1;SPECC1L;EFNB1;ZSWIM6;ALX4;ALX1;ALX3;SIX2;TCOF1;POLR1D;POLR1C;PRKAR1A;PDE4D;EDNRA;GNAI3;PLCB4;EDN1;SALL1;DACT1;SIX1;EYA1;SIX5;OFD1;TMEM216;KIF7;CPLANE1;TCTN3;PDE6D;KIAA0753;NEK1;DDX59;C2CD3;IFT57;LMX1B;TBX4;ORC4;ORC6;CDT1;CDC6;ORC1;GMNN;CDC45;PITX1;STXBP1;KAT6B;FGFR2;ERF;LRP5;CD96;RECQL4;SMO;IFT122;WDR35;IFT43;WDR19;IFT52;SKI;FBN1;MSX2;CYP26B1;IL11RA;KAT6A;ZNF462;TWIST1;MEGF8;RAB23;FGFR1;FREM1;ZIC1;TCF12;FLNA;NOG;GDF5;FGF9;MECOM;HOXA11;GLI3;ZNF141;IQCE;SHH;LMBR1;BHLHA9;FGF16;HOXD13;FBLN1;GJA1;ICK;SF3B4;DHODH;EVC;EVC2;EFTUD2;HPGD;SMC1A;NIPBL;SMC3;HDAC8;RAD21;KMT2A;SETD5;RAD51;MAD2L2;BRCA1;XRCC2;RFWD3;BRCA2;BRIP1;ERCC4;FANCA;FANCB;FANCC;FANCD2;FANCE;FANCF;FANCG;FANCL;FANCM;FANCI;PALB2;RAD51C;SLX4;UBE2T;RBM8A;TBX5;ESCO2;TP63;NOTCH1;ARHGAP31;DOCK6;RBPJ;EOGT;DLL4;SALL4;BMPR1B;TBX3;WNT7A;RSPO2;WNT3;KNSTRN;PIK3CD;THPO;MYSM1;MAP3K20;DLX5;TBX15;CEP55;TMEM107;RPGRIP1;CEP290;TMEM67;MKS1;RPGRIP1L;CC2D2A;WDPCP;TCTN2;B9D1;B9D2;TMEM231;CSPP1;SUFU;TGDS;CCNQ;FGF10;HOXA13;APC;LRP4;CKAP2L;DHCR7;EBP;GLI2;LMNA;MYH8;CWC27;ARID2;SMARCB1;SMARCA4;ARID1B;ARID1A;SMARCE1;SOX11;DPF2;HDAC4;PDE3A;PIGV;PIGL;PIGO;PGAP2;PGAP3;PIGW;PIGY;CHSY1;CREBBP;EP300;MIR17HG;MYCN;AFF4;EXOSC2;TRPV4;ROR2;PTHLH;IHH;BMP2;CDH3;DLX6;EPS15L1;SEM1;WNT10B;BTRC;ACAN;DPYD;COL2A1;HBB;GBA;SCARB2;PROS1;HRG;PROC;SERPINC1;MET;RNU4ATAC;UFSP2;COL11A1;COL9A1;COL9A2;COL9A3;COMP;SLC26A2;MATN3;IFT140;IFT172;NEK9;DYNC2LI1;IFT80;DYNC2H1;TTC21B;WDR60;WDR34;CEP120;GLI1;KIAA0586;TRAF3IP1;MMP13;MMP9;COL10A1;RUNX2;RMRP;SBDS;EFL1;SRP54;DNAJC21;SOX9;LIFR;HDAC6;SHOX;NXN;COL11A2;DVL3;WNT5A;DVL1;FZD2;GSC;MAB21L2;GPC6;LTBP3;SMAD4;ADAMTSL2;ADAMTS10;LTBP2;PRMT7;TRPS1;GNAS;INPPL1;SLC35D1;MYH3;FLNB;PAM16;EXTL3;TRIP11;GPX4;PAPSS2;LBR;NSDHL;AGPS;PEX7;GNPAT;PEX5;MGP;ARSE;CANT1;XYLT1;CHST3;IMPAD1;B4GALT7;B3GAT3;COL27A1;KIF22;B3GALT6;ATR;CENPJ;PCNT;CEP152;RBBP8;ATRIP;TRAIP;PLK4;CENPE;FAM111A;CUL7;OBSL1;CCDC8;PIGT;POC1A;TBCE;CDKN1C;NOTCH2;ANTXR2;MAFB;ZMPSTE24;MMP2;MMP14;BANF1;TNFRSF11A;CASR;ANKH;ALPL;SLC34A1;SLC9A3R1;GNA11;AP2S1;SLC34A3;DMP1;ENPP1;PHEX;FGF23;CLCN5;OCRL;CYP27B1;CYP2R1;VDR;PLOD2;FKBP10;GORAB;PYCR1;P4HB;SEC24D;COL1A1;COL1A2;P3H1;CRTAP;PPIB;CREB3L1;SERPINH1;SERPINF1;WNT1;BMP1;TMEM38B;SP7;SPARC;IFITM5;TMEM165;TAPT1;PLS3;ANO5;IFIH1;DDX58;WNT3A;DKK1;XYLT2;ATP6V0A2;ATP6V1E1;ATP6V1A;TNFRSF11B;TGFB1;SOST;TBXAS1;PTDSS1;SFRP4;DLX3;VCP;HNRNPA2B1;HNRNPA1;POLR3B;SLCO2A1;LEMD3;CLCN7;CA2;CTSK;SLC29A3;AMER1;TCIRG1;TNFSF11;SNX10;PLEKHM1;LRRK1;IKBKG;OSTM1;HMGA2;FERMT3;FAM20C;DHCR24;COX4I2;FIG4;VAC14;ACVR1;SH3BP2;TREM2;TYROBP;PTPN11;ELMO2;NF1;ACP5;FN1;PCYT1A;HSPG2;AIFM1;NANS;DYM;RAB33B;WISP3;LONP1;EIF2AK3;SMARCAL1;SLC39A13;NKX3-2;RPL10;RSPRY1;IARS2;HSPA9;BGN;POP1;DDRGK1;TRAPPC2;DDR2;HHAT;SH3PXD2B;MAP3K7;PTEN;AKT1;NSD1;SETD2;APC2;EED;EZH2;SUZ12;FBN2;PIK3CA;NFIX;TGFBR2;PDGFRB;TGFBR1;IL1RN;NLRC4;NLRP3;GALNT3;KL;SAMD9;LPIN2;AGGF1;RASA1
Rare infectious disease	SLC11A1;CPT2;RANBP2;UNC93B1;TLR3;TICAM1;TRAF3;TBK1
